brand,perfume,type,category,target_audience,longevity,longevity_clean,rating,description,mood,occasion
dumont,nitro red,edp,Fresh Scent,Male,Strong,Strong,4.0,nitro red by dumont is a edp perfume designed for Male. It belongs to the Fresh Scent category and has Strong longevity.,"light, refreshing","office, casual"
dumont,nitro pour homme,edp,Fresh Scent,Male,Strong,Strong,4.0,nitro pour homme by dumont is a edp perfume designed for Male. It belongs to the Fresh Scent category and has Strong longevity.,"light, refreshing","office, casual"
dumont,nitro white,edp,Fresh Scent,Unisex,Strong,Strong,4.0,nitro white by dumont is a edp perfume designed for Unisex. It belongs to the Fresh Scent category and has Strong longevity.,"light, refreshing","office, casual"
dumont,nitro blue,edp,Fresh Scent,Unisex,Strong,Strong,4.0,nitro blue by dumont is a edp perfume designed for Unisex. It belongs to the Fresh Scent category and has Strong longevity.,"light, refreshing","office, casual"
dumont,nitro green,edp,Fresh Scent,Unisex,Strong,Strong,4.0,nitro green by dumont is a edp perfume designed for Unisex. It belongs to the Fresh Scent category and has Strong longevity.,"light, refreshing","office, casual"
dumont,nitro platinum,edp,Mass Pleaser,Male,Strong,Strong,4.0,nitro platinum by dumont is a edp perfume designed for Male. It belongs to the Mass Pleaser category and has Strong longevity.,,
dumont,nitro intense,edp,Woody Spicy,Male,Strong,Strong,4.0,nitro intense by dumont is a edp perfume designed for Male. It belongs to the Woody Spicy category and has Strong longevity.,"strong, confident","evening, dinner"
dumont,nitro black,edp,Woody Spicy,Male,Strong,Strong,4.0,nitro black by dumont is a edp perfume designed for Male. It belongs to the Woody Spicy category and has Strong longevity.,"strong, confident","evening, dinner"
dumont,celerio oros,edp,Oriental Vanilla,Unisex,Medium,Medium,3.0,celerio oros by dumont is a edp perfume designed for Unisex. It belongs to the Oriental Vanilla category and has Medium longevity.,,
dumont,celerio epic,edp,Woody Aromatic,Male,Medium,Medium,3.0,celerio epic by dumont is a edp perfume designed for Male. It belongs to the Woody Aromatic category and has Medium longevity.,"relaxing, grounded","casual, work"
armaf,club de nuit intense man,edt,Woody Spicy,Male,Strong,Strong,4.0,club de nuit intense man by armaf is a edt perfume designed for Male. It belongs to the Woody Spicy category and has Strong longevity.,"strong, confident","evening, dinner"
armaf,cdnim pure parfum,parfum,Woody Spicy,Male,Strong,Strong,4.0,cdnim pure parfum by armaf is a parfum perfume designed for Male. It belongs to the Woody Spicy category and has Strong longevity.,"strong, confident","evening, dinner"
armaf,cdnim edp,edp,Woody Spicy,Male,Strong,Strong,4.0,cdnim edp by armaf is a edp perfume designed for Male. It belongs to the Woody Spicy category and has Strong longevity.,"strong, confident","evening, dinner"
armaf,cdnim limited edition,edp,Woody Spicy,Male,Strong,Strong,4.0,cdnim limited edition by armaf is a edp perfume designed for Male. It belongs to the Woody Spicy category and has Strong longevity.,"strong, confident","evening, dinner"
armaf,cdn women,edp,Floral Fruity,Female,Medium,Medium,3.0,cdn women by armaf is a edp perfume designed for Female. It belongs to the Floral Fruity category and has Medium longevity.,"romantic, happy","daytime, casual"
armaf,lionheart man,edt,Woody Aromatic,Male,Medium,Medium,3.0,lionheart man by armaf is a edt perfume designed for Male. It belongs to the Woody Aromatic category and has Medium longevity.,"relaxing, grounded","casual, work"
armaf,yum yum,edp,Fruity Floral,Female,Medium,Medium,3.0,yum yum by armaf is a edp perfume designed for Female. It belongs to the Fruity Floral category and has Medium longevity.,"sweet, cheerful","daytime, brunch"
armaf,sillage,edp,Woody Spicy,Male,Medium,Medium,3.0,sillage by armaf is a edp perfume designed for Male. It belongs to the Woody Spicy category and has Medium longevity.,"strong, confident","evening, dinner"
armaf,imperial,edp,Woody Spicy,Male,Medium,Medium,3.0,imperial by armaf is a edp perfume designed for Male. It belongs to the Woody Spicy category and has Medium longevity.,"strong, confident","evening, dinner"
armaf,untold,edp,Woody Aromatic,Male,Medium,Medium,3.0,untold by armaf is a edp perfume designed for Male. It belongs to the Woody Aromatic category and has Medium longevity.,"relaxing, grounded","casual, work"
armaf,hunter,edt,Woody Spicy,Male,Medium,Medium,3.0,hunter by armaf is a edt perfume designed for Male. It belongs to the Woody Spicy category and has Medium longevity.,"strong, confident","evening, dinner"
armaf,hunter intense,edp,Woody Spicy,Male,Strong,Strong,4.0,hunter intense by armaf is a edp perfume designed for Male. It belongs to the Woody Spicy category and has Strong longevity.,"strong, confident","evening, dinner"
armaf,ventana marine,edp,Fresh Scent,Male,Medium,Medium,3.0,ventana marine by armaf is a edp perfume designed for Male. It belongs to the Fresh Scent category and has Medium longevity.,"light, refreshing","office, casual"
armaf,ventana,edt,Fresh Scent,Male,Medium,Medium,3.0,ventana by armaf is a edt perfume designed for Male. It belongs to the Fresh Scent category and has Medium longevity.,"light, refreshing","office, casual"
armaf,urban man elixr,edp,Woody Spicy,Male,Medium,Medium,3.0,urban man elixr by armaf is a edp perfume designed for Male. It belongs to the Woody Spicy category and has Medium longevity.,"strong, confident","evening, dinner"
armaf,milestone,edp,Woody Spicy,Male,Medium,Medium,3.0,milestone by armaf is a edp perfume designed for Male. It belongs to the Woody Spicy category and has Medium longevity.,"strong, confident","evening, dinner"
armaf,aura fresh,edp,Fresh Scent,Male,Medium,Medium,3.0,aura fresh by armaf is a edp perfume designed for Male. It belongs to the Fresh Scent category and has Medium longevity.,"light, refreshing","office, casual"
armaf,precioux 1,edp,Woody Spicy,Male,Medium,Medium,3.0,precioux 1 by armaf is a edp perfume designed for Male. It belongs to the Woody Spicy category and has Medium longevity.,"strong, confident","evening, dinner"
armaf,legesi,edp,Woody Aromatic,Male,Medium,Medium,3.0,legesi by armaf is a edp perfume designed for Male. It belongs to the Woody Aromatic category and has Medium longevity.,"relaxing, grounded","casual, work"
armaf,blue homme,edt,Fresh Scent,Male,Medium,Medium,3.0,blue homme by armaf is a edt perfume designed for Male. It belongs to the Fresh Scent category and has Medium longevity.,"light, refreshing","office, casual"
armaf,odyssey homme,edp,Woody Spicy,Male,Medium,Medium,3.0,odyssey homme by armaf is a edp perfume designed for Male. It belongs to the Woody Spicy category and has Medium longevity.,"strong, confident","evening, dinner"
armaf,odyssey homme white edition,edp,Woody Spicy,Male,Medium,Medium,3.0,odyssey homme white edition by armaf is a edp perfume designed for Male. It belongs to the Woody Spicy category and has Medium longevity.,"strong, confident","evening, dinner"
armaf,odyssey homme gold edition,edp,Woody Spicy,Male,Medium,Medium,3.0,odyssey homme gold edition by armaf is a edp perfume designed for Male. It belongs to the Woody Spicy category and has Medium longevity.,"strong, confident","evening, dinner"
armaf,odyssey homme red,edp,Woody Spicy,Male,Medium,Medium,3.0,odyssey homme red by armaf is a edp perfume designed for Male. It belongs to the Woody Spicy category and has Medium longevity.,"strong, confident","evening, dinner"
armaf,odyssey homme blue,edp,Woody Spicy,Male,Medium,Medium,3.0,odyssey homme blue by armaf is a edp perfume designed for Male. It belongs to the Woody Spicy category and has Medium longevity.,"strong, confident","evening, dinner"
armaf,odyssey homme black,edp,Woody Spicy,Male,Medium,Medium,3.0,odyssey homme black by armaf is a edp perfume designed for Male. It belongs to the Woody Spicy category and has Medium longevity.,"strong, confident","evening, dinner"
armaf,odyssey femme,edp,Floral Fruity,Female,Medium,Medium,3.0,odyssey femme by armaf is a edp perfume designed for Female. It belongs to the Floral Fruity category and has Medium longevity.,"romantic, happy","daytime, casual"
armaf,tag him,edt,Woody Spicy,Male,Medium,Medium,3.0,tag him by armaf is a edt perfume designed for Male. It belongs to the Woody Spicy category and has Medium longevity.,"strong, confident","evening, dinner"
armaf,tag him prestige edition,edt,Woody Spicy,Male,Medium,Medium,3.0,tag him prestige edition by armaf is a edt perfume designed for Male. It belongs to the Woody Spicy category and has Medium longevity.,"strong, confident","evening, dinner"
armaf,tag him pour homme,edt,Woody Spicy,Male,Medium,Medium,3.0,tag him pour homme by armaf is a edt perfume designed for Male. It belongs to the Woody Spicy category and has Medium longevity.,"strong, confident","evening, dinner"
armaf,tag her,edp,Floral Fruity,Female,Medium,Medium,3.0,tag her by armaf is a edp perfume designed for Female. It belongs to the Floral Fruity category and has Medium longevity.,"romantic, happy","daytime, casual"
armaf,derby club house blanche,edt,Fresh Scent,Unisex,Medium,Medium,3.0,derby club house blanche by armaf is a edt perfume designed for Unisex. It belongs to the Fresh Scent category and has Medium longevity.,"light, refreshing","office, casual"
armaf,derby club house gold,edt,Woody Spicy,Male,Medium,Medium,3.0,derby club house gold by armaf is a edt perfume designed for Male. It belongs to the Woody Spicy category and has Medium longevity.,"strong, confident","evening, dinner"
armaf,derby club house ascot,edt,Woody Spicy,Male,Medium,Medium,3.0,derby club house ascot by armaf is a edt perfume designed for Male. It belongs to the Woody Spicy category and has Medium longevity.,"strong, confident","evening, dinner"
armaf,derby club house adventure,edt,Woody Aromatic,Male,Medium,Medium,3.0,derby club house adventure by armaf is a edt perfume designed for Male. It belongs to the Woody Aromatic category and has Medium longevity.,"relaxing, grounded","casual, work"
armaf,derby club house victory,edt,Woody Aromatic,Male,Medium,Medium,3.0,derby club house victory by armaf is a edt perfume designed for Male. It belongs to the Woody Aromatic category and has Medium longevity.,"relaxing, grounded","casual, work"
armaf,derby club house blue,edt,Fresh Scent,Unisex,Medium,Medium,3.0,derby club house blue by armaf is a edt perfume designed for Unisex. It belongs to the Fresh Scent category and has Medium longevity.,"light, refreshing","office, casual"
armaf,all you need is passion,edp,Woody Spicy,Male,Medium,Medium,3.0,all you need is passion by armaf is a edp perfume designed for Male. It belongs to the Woody Spicy category and has Medium longevity.,"strong, confident","evening, dinner"
armaf,the pride of armaf for men,edp,Woody Spicy,Male,Medium,Medium,3.0,the pride of armaf for men by armaf is a edp perfume designed for Male. It belongs to the Woody Spicy category and has Medium longevity.,"strong, confident","evening, dinner"
armaf,the pride of armaf for women,edp,Floral Fruity,Female,Medium,Medium,3.0,the pride of armaf for women by armaf is a edp perfume designed for Female. It belongs to the Floral Fruity category and has Medium longevity.,"romantic, happy","daytime, casual"
armaf,the warrior,edt,Woody Spicy,Male,Medium,Medium,3.0,the warrior by armaf is a edt perfume designed for Male. It belongs to the Woody Spicy category and has Medium longevity.,"strong, confident","evening, dinner"
armaf,the hunter,edt,Woody Spicy,Male,Medium,Medium,3.0,the hunter by armaf is a edt perfume designed for Male. It belongs to the Woody Spicy category and has Medium longevity.,"strong, confident","evening, dinner"
armaf,the hunter intense,edp,Woody Spicy,Male,Strong,Strong,4.0,the hunter intense by armaf is a edp perfume designed for Male. It belongs to the Woody Spicy category and has Strong longevity.,"strong, confident","evening, dinner"
armaf,the hunter black,edp,Woody Spicy,Male,Strong,Strong,4.0,the hunter black by armaf is a edp perfume designed for Male. It belongs to the Woody Spicy category and has Strong longevity.,"strong, confident","evening, dinner"
armaf,the hunter jungle,edp,Woody Spicy,Male,Medium,Medium,3.0,the hunter jungle by armaf is a edp perfume designed for Male. It belongs to the Woody Spicy category and has Medium longevity.,"strong, confident","evening, dinner"
armaf,the legacy,edp,Woody Aromatic,Male,Medium,Medium,3.0,the legacy by armaf is a edp perfume designed for Male. It belongs to the Woody Aromatic category and has Medium longevity.,"relaxing, grounded","casual, work"
armaf,the signature for women,edp,Floral Fruity,Female,Medium,Medium,3.0,the signature for women by armaf is a edp perfume designed for Female. It belongs to the Floral Fruity category and has Medium longevity.,"romantic, happy","daytime, casual"
armaf,the signature for men,edp,Woody Spicy,Male,Medium,Medium,3.0,the signature for men by armaf is a edp perfume designed for Male. It belongs to the Woody Spicy category and has Medium longevity.,"strong, confident","evening, dinner"
armaf,club de nuit intense man limited edition parfum,parfum,Woody Spicy,Male,Strong,Strong,4.0,club de nuit intense man limited edition parfum by armaf is a parfum perfume designed for Male. It belongs to the Woody Spicy category and has Strong longevity.,"strong, confident","evening, dinner"
armaf,club de nuit intense women limited edition,parfum,Floral Fruity,Female,Strong,Strong,4.0,club de nuit intense women limited edition by armaf is a parfum perfume designed for Female. It belongs to the Floral Fruity category and has Strong longevity.,"romantic, happy","daytime, casual"
armaf,club de nuit milestones,edp,Woody Spicy,Male,Medium,Medium,3.0,club de nuit milestones by armaf is a edp perfume designed for Male. It belongs to the Woody Spicy category and has Medium longevity.,"strong, confident","evening, dinner"
armaf,club de nuit sillage,edp,Woody Spicy,Male,Medium,Medium,3.0,club de nuit sillage by armaf is a edp perfume designed for Male. It belongs to the Woody Spicy category and has Medium longevity.,"strong, confident","evening, dinner"
armaf,club de nuit imperiale,edp,Woody Spicy,Male,Medium,Medium,3.0,club de nuit imperiale by armaf is a edp perfume designed for Male. It belongs to the Woody Spicy category and has Medium longevity.,"strong, confident","evening, dinner"
armaf,club de nuit urban man,edp,Woody Spicy,Male,Medium,Medium,3.0,club de nuit urban man by armaf is a edp perfume designed for Male. It belongs to the Woody Spicy category and has Medium longevity.,"strong, confident","evening, dinner"
armaf,club de nuit urban woman,edp,Floral Fruity,Female,Medium,Medium,3.0,club de nuit urban woman by armaf is a edp perfume designed for Female. It belongs to the Floral Fruity category and has Medium longevity.,"romantic, happy","daytime, casual"
armaf,club de nuit untold,parfum,Woody Spicy,Male,Strong,Strong,4.0,club de nuit untold by armaf is a parfum perfume designed for Male. It belongs to the Woody Spicy category and has Strong longevity.,"strong, confident","evening, dinner"
armaf,club de nuit timeless,parfum,Woody Spicy,Male,Strong,Strong,4.0,club de nuit timeless by armaf is a parfum perfume designed for Male. It belongs to the Woody Spicy category and has Strong longevity.,"strong, confident","evening, dinner"
armaf,club de nuit iconic,edp,Woody Spicy,Male,Medium,Medium,3.0,club de nuit iconic by armaf is a edp perfume designed for Male. It belongs to the Woody Spicy category and has Medium longevity.,"strong, confident","evening, dinner"
armaf,ventana pour homme,edp,Fresh Scent,Male,Medium,Medium,3.0,ventana pour homme by armaf is a edp perfume designed for Male. It belongs to the Fresh Scent category and has Medium longevity.,"light, refreshing","office, casual"
armaf,ventana pour femme,edp,Floral Fruity,Female,Medium,Medium,3.0,ventana pour femme by armaf is a edp perfume designed for Female. It belongs to the Floral Fruity category and has Medium longevity.,"romantic, happy","daytime, casual"
armaf,ventana noir,edp,Woody Spicy,Male,Medium,Medium,3.0,ventana noir by armaf is a edp perfume designed for Male. It belongs to the Woody Spicy category and has Medium longevity.,"strong, confident","evening, dinner"
armaf,ventana azure,edp,Fresh Scent,Male,Medium,Medium,3.0,ventana azure by armaf is a edp perfume designed for Male. It belongs to the Fresh Scent category and has Medium longevity.,"light, refreshing","office, casual"
armaf,opus homme,edp,Woody Spicy,Male,Medium,Medium,3.0,opus homme by armaf is a edp perfume designed for Male. It belongs to the Woody Spicy category and has Medium longevity.,"strong, confident","evening, dinner"
armaf,opus femme,edp,Floral Fruity,Female,Medium,Medium,3.0,opus femme by armaf is a edp perfume designed for Female. It belongs to the Floral Fruity category and has Medium longevity.,"romantic, happy","daytime, casual"
armaf,opus noir,edp,Woody Spicy,Male,Medium,Medium,3.0,opus noir by armaf is a edp perfume designed for Male. It belongs to the Woody Spicy category and has Medium longevity.,"strong, confident","evening, dinner"
armaf,opus blue,edp,Fresh Scent,Male,Medium,Medium,3.0,opus blue by armaf is a edp perfume designed for Male. It belongs to the Fresh Scent category and has Medium longevity.,"light, refreshing","office, casual"
armaf,opus rouge,edp,Woody Spicy,Male,Medium,Medium,3.0,opus rouge by armaf is a edp perfume designed for Male. It belongs to the Woody Spicy category and has Medium longevity.,"strong, confident","evening, dinner"
armaf,opus gold,edp,Woody Spicy,Male,Medium,Medium,3.0,opus gold by armaf is a edp perfume designed for Male. It belongs to the Woody Spicy category and has Medium longevity.,"strong, confident","evening, dinner"
armaf,magnificent pour homme,edp,Woody Spicy,Male,Medium,Medium,3.0,magnificent pour homme by armaf is a edp perfume designed for Male. It belongs to the Woody Spicy category and has Medium longevity.,"strong, confident","evening, dinner"
armaf,magnificent pour femme,edp,Floral Fruity,Female,Medium,Medium,3.0,magnificent pour femme by armaf is a edp perfume designed for Female. It belongs to the Floral Fruity category and has Medium longevity.,"romantic, happy","daytime, casual"
fragrance world,spectre ghost,edp,Woody Aromatic,Male,Medium,Medium,3.0,spectre ghost by fragrance world is a edp perfume designed for Male. It belongs to the Woody Aromatic category and has Medium longevity.,"relaxing, grounded","casual, work"
fragrance world,spectre wraith,edp,Woody Spicy,Male,Strong,Strong,4.0,spectre wraith by fragrance world is a edp perfume designed for Male. It belongs to the Woody Spicy category and has Strong longevity.,"strong, confident","evening, dinner"
fragrance world,pinnace white,edp,Fresh Scent,Unisex,Medium,Medium,3.0,pinnace white by fragrance world is a edp perfume designed for Unisex. It belongs to the Fresh Scent category and has Medium longevity.,"light, refreshing","office, casual"
fragrance world,essence de blanc,edp,Floral Fruity,Female,Medium,Medium,3.0,essence de blanc by fragrance world is a edp perfume designed for Female. It belongs to the Floral Fruity category and has Medium longevity.,"romantic, happy","daytime, casual"
fragrance world,vulcan feu french avenue,edp,Woody Spicy,Male,Strong,Strong,4.0,vulcan feu french avenue by fragrance world is a edp perfume designed for Male. It belongs to the Woody Spicy category and has Strong longevity.,"strong, confident","evening, dinner"
fragrance world,urban man elixir,edp,Woody Spicy,Male,Medium,Medium,3.0,urban man elixir by fragrance world is a edp perfume designed for Male. It belongs to the Woody Spicy category and has Medium longevity.,"strong, confident","evening, dinner"
fragrance world,nuke 2.0,edp,Woody Aromatic,Male,Medium,Medium,3.0,nuke 2.0 by fragrance world is a edp perfume designed for Male. It belongs to the Woody Aromatic category and has Medium longevity.,"relaxing, grounded","casual, work"
fragrance world,suits,edp,Woody Aromatic,Male,Medium,Medium,3.0,suits by fragrance world is a edp perfume designed for Male. It belongs to the Woody Aromatic category and has Medium longevity.,"relaxing, grounded","casual, work"
fragrance world,sultry woods,edp,Woody Spicy,Male,Strong,Strong,4.0,sultry woods by fragrance world is a edp perfume designed for Male. It belongs to the Woody Spicy category and has Strong longevity.,"strong, confident","evening, dinner"
fragrance world,fierte,edp,Woody Aromatic,Male,Medium,Medium,3.0,fierte by fragrance world is a edp perfume designed for Male. It belongs to the Woody Aromatic category and has Medium longevity.,"relaxing, grounded","casual, work"
fragrance world,green saphire,edp,Fresh Scent,Unisex,Medium,Medium,3.0,green saphire by fragrance world is a edp perfume designed for Unisex. It belongs to the Fresh Scent category and has Medium longevity.,"light, refreshing","office, casual"
fragrance world,eau de spice,edp,Spicy Aromatic,Male,Medium,Medium,3.0,eau de spice by fragrance world is a edp perfume designed for Male. It belongs to the Spicy Aromatic category and has Medium longevity.,,
fragrance world,imperial fragrance world,edp,Woody Spicy,Male,Strong,Strong,4.0,imperial fragrance world by fragrance world is a edp perfume designed for Male. It belongs to the Woody Spicy category and has Strong longevity.,"strong, confident","evening, dinner"
fragrance world,divin asylum,edp,Woody Aromatic,Male,Medium,Medium,3.0,divin asylum by fragrance world is a edp perfume designed for Male. It belongs to the Woody Aromatic category and has Medium longevity.,"relaxing, grounded","casual, work"
fragrance world,divin oud,edp,Oud,Unisex,Strong,Strong,4.0,divin oud by fragrance world is a edp perfume designed for Unisex. It belongs to the Oud category and has Strong longevity.,"luxurious, mysterious","evening, luxury events"
fragrance world,francique 63.55,edp,Woody Aromatic,Male,Medium,Medium,3.0,francique 63.55 by fragrance world is a edp perfume designed for Male. It belongs to the Woody Aromatic category and has Medium longevity.,"relaxing, grounded","casual, work"
fragrance world,my soulmate body,edp,Floral Fruity,Female,Medium,Medium,3.0,my soulmate body by fragrance world is a edp perfume designed for Female. It belongs to the Floral Fruity category and has Medium longevity.,"romantic, happy","daytime, casual"
fragrance world,mirag absolu,edp,Woody Spicy,Male,Strong,Strong,4.0,mirag absolu by fragrance world is a edp perfume designed for Male. It belongs to the Woody Spicy category and has Strong longevity.,"strong, confident","evening, dinner"
fragrance world,tropical kiss,edp,Fruity Floral,Female,Medium,Medium,3.0,tropical kiss by fragrance world is a edp perfume designed for Female. It belongs to the Fruity Floral category and has Medium longevity.,"sweet, cheerful","daytime, brunch"
fragrance world,aqua pura,edp,Fresh Scent,Unisex,Medium,Medium,3.0,aqua pura by fragrance world is a edp perfume designed for Unisex. It belongs to the Fresh Scent category and has Medium longevity.,"light, refreshing","office, casual"
fragrance world,arabian incense,edp,Oriental Woody,Unisex,Strong,Strong,4.0,arabian incense by fragrance world is a edp perfume designed for Unisex. It belongs to the Oriental Woody category and has Strong longevity.,"mysterious, deep","formal, dinner"
fragrance world,hibiscus magic,edp,Floral Fruity,Female,Medium,Medium,3.0,hibiscus magic by fragrance world is a edp perfume designed for Female. It belongs to the Floral Fruity category and has Medium longevity.,"romantic, happy","daytime, casual"
fragrance world,brown sugar,edp,Gourmand,Unisex,Medium,Medium,3.0,brown sugar by fragrance world is a edp perfume designed for Unisex. It belongs to the Gourmand category and has Medium longevity.,"playful, sweet","dessert, casual"
fragrance world,aqua royale blue,edp,Fresh Scent,Male,Medium,Medium,3.0,aqua royale blue by fragrance world is a edp perfume designed for Male. It belongs to the Fresh Scent category and has Medium longevity.,"light, refreshing","office, casual"
fragrance world,enigma une,edp,Woody Aromatic,Male,Medium,Medium,3.0,enigma une by fragrance world is a edp perfume designed for Male. It belongs to the Woody Aromatic category and has Medium longevity.,"relaxing, grounded","casual, work"
fragrance world,enigma trois,edp,Woody Aromatic,Male,Medium,Medium,3.0,enigma trois by fragrance world is a edp perfume designed for Male. It belongs to the Woody Aromatic category and has Medium longevity.,"relaxing, grounded","casual, work"
fragrance world,imperium edp,edp,Woody Spicy,Male,Strong,Strong,4.0,imperium edp by fragrance world is a edp perfume designed for Male. It belongs to the Woody Spicy category and has Strong longevity.,"strong, confident","evening, dinner"
fragrance world,bavaria pour homme,edp,Woody Aromatic,Male,Medium,Medium,3.0,bavaria pour homme by fragrance world is a edp perfume designed for Male. It belongs to the Woody Aromatic category and has Medium longevity.,"relaxing, grounded","casual, work"
fragrance world,aventos green,edp,Fresh Scent,Male,Medium,Medium,3.0,aventos green by fragrance world is a edp perfume designed for Male. It belongs to the Fresh Scent category and has Medium longevity.,"light, refreshing","office, casual"
fragrance world,absolute oud magnificent 7,edp,Oud,Unisex,Strong,Strong,4.0,absolute oud magnificent 7 by fragrance world is a edp perfume designed for Unisex. It belongs to the Oud category and has Strong longevity.,"luxurious, mysterious","evening, luxury events"
fragrance world,f le parfum,parfum,Floral Fruity,Female,Strong,Strong,4.0,f le parfum by fragrance world is a parfum perfume designed for Female. It belongs to the Floral Fruity category and has Strong longevity.,"romantic, happy","daytime, casual"
fragrance world,giorgio black special edition,edp,Woody Spicy,Male,Medium,Medium,3.0,giorgio black special edition by fragrance world is a edp perfume designed for Male. It belongs to the Woody Spicy category and has Medium longevity.,"strong, confident","evening, dinner"
fragrance world,harmony code absolute,edp,Woody Aromatic,Male,Medium,Medium,3.0,harmony code absolute by fragrance world is a edp perfume designed for Male. It belongs to the Woody Aromatic category and has Medium longevity.,"relaxing, grounded","casual, work"
fragrance world,barakkat rouge 540,edp,Oud,Unisex,Strong,Strong,4.0,barakkat rouge 540 by fragrance world is a edp perfume designed for Unisex. It belongs to the Oud category and has Strong longevity.,"luxurious, mysterious","evening, luxury events"
fragrance world,barakkat aqua stellar,edp,Fresh Scent,Unisex,Medium,Medium,3.0,barakkat aqua stellar by fragrance world is a edp perfume designed for Unisex. It belongs to the Fresh Scent category and has Medium longevity.,"light, refreshing","office, casual"
fragrance world,mocha wood,edp,Gourmand,Unisex,Medium,Medium,3.0,mocha wood by fragrance world is a edp perfume designed for Unisex. It belongs to the Gourmand category and has Medium longevity.,"playful, sweet","dessert, casual"
fragrance world,star men nebula,edp,Woody Aromatic,Male,Medium,Medium,3.0,star men nebula by fragrance world is a edp perfume designed for Male. It belongs to the Woody Aromatic category and has Medium longevity.,"relaxing, grounded","casual, work"
fragrance world,la uno forever,edp,Floral Fruity,Female,Medium,Medium,3.0,la uno forever by fragrance world is a edp perfume designed for Female. It belongs to the Floral Fruity category and has Medium longevity.,"romantic, happy","daytime, casual"
fragrance world,royal blend nero,edp,Woody Spicy,Male,Medium,Medium,3.0,royal blend nero by fragrance world is a edp perfume designed for Male. It belongs to the Woody Spicy category and has Medium longevity.,"strong, confident","evening, dinner"
fragrance world,royal blend,edp,Woody Spicy,Male,Medium,Medium,3.0,royal blend by fragrance world is a edp perfume designed for Male. It belongs to the Woody Spicy category and has Medium longevity.,"strong, confident","evening, dinner"
fragrance world,sweet paradise,edp,Fruity Floral,Female,Medium,Medium,3.0,sweet paradise by fragrance world is a edp perfume designed for Female. It belongs to the Fruity Floral category and has Medium longevity.,"sweet, cheerful","daytime, brunch"
fragrance world,cocktail intense,edp,Woody Spicy,Male,Medium,Medium,3.0,cocktail intense by fragrance world is a edp perfume designed for Male. It belongs to the Woody Spicy category and has Medium longevity.,"strong, confident","evening, dinner"
rasasi,shaghaf (nafaies al shaghaf),edp,Sweet Spicy Oriental,Unisex,Strong,Strong,4.0,shaghaf (nafaies al shaghaf) by rasasi is a edp perfume designed for Unisex. It belongs to the Sweet Spicy Oriental category and has Strong longevity.,"bold, warm","evening, party"
rasasi,shuhrah,edp,Woody Spicy,Unisex,Strong,Strong,4.0,shuhrah by rasasi is a edp perfume designed for Unisex. It belongs to the Woody Spicy category and has Strong longevity.,"strong, confident","evening, dinner"
rasasi,sotoor seen,edp,Fresh Spicy,Unisex,Medium,Medium,3.0,sotoor seen by rasasi is a edp perfume designed for Unisex. It belongs to the Fresh Spicy category and has Medium longevity.,"vibrant, lively","outdoors, casual"
rasasi,sotoor taa,edp,Fresh Aromatic,Unisex,Medium,Medium,3.0,sotoor taa by rasasi is a edp perfume designed for Unisex. It belongs to the Fresh Aromatic category and has Medium longevity.,"bright, uplifting","daily, errands"
rasasi,sotoor waaw,edp,Fresh Woody,Unisex,Medium,Medium,3.0,sotoor waaw by rasasi is a edp perfume designed for Unisex. It belongs to the Fresh Woody category and has Medium longevity.,"calm, grounded","nature outing, casual"
rasasi,hawas tropical,edp,Fruity Fresh,Male,Medium,Medium,3.0,hawas tropical by rasasi is a edp perfume designed for Male. It belongs to the Fruity Fresh category and has Medium longevity.,,
riffs,deoro patchouli,edp,Earthy Woody,Unisex,Medium–Strong,Strong,3.0,deoro patchouli by riffs is a edp perfume designed for Unisex. It belongs to the Earthy Woody category and has Strong longevity.,,
riffs,elegant homme,edp,Fresh Woody,Male,Medium,Medium,3.0,elegant homme by riffs is a edp perfume designed for Male. It belongs to the Fresh Woody category and has Medium longevity.,"calm, grounded","nature outing, casual"
riffs,goodness oud,edp,Rich Oud,Unisex,Strong,Strong,4.0,goodness oud by riffs is a edp perfume designed for Unisex. It belongs to the Rich Oud category and has Strong longevity.,,
riffs,imperial blue,edp,Fresh Aromatic,Male,Light–Medium,Medium,2.0,imperial blue by riffs is a edp perfume designed for Male. It belongs to the Fresh Aromatic category and has Medium longevity.,"bright, uplifting","daily, errands"
riffs,majestic rose,edp,Floral Rose,Female,Strong,Strong,4.0,majestic rose by riffs is a edp perfume designed for Female. It belongs to the Floral Rose category and has Strong longevity.,"romantic, elegant","romantic, date"
riffs,wonder of you,edp,Sweet Floral,Unisex,Medium,Medium,3.0,wonder of you by riffs is a edp perfume designed for Unisex. It belongs to the Sweet Floral category and has Medium longevity.,"feminine, soft","party, casual"
ibraheem al qurashi,blue oud,edp,Oud Floral,Unisex,Strong,Strong,4.0,blue oud by ibraheem al qurashi is a edp perfume designed for Unisex. It belongs to the Oud Floral category and has Strong longevity.,"sensual, elegant","special occasions, evening"
ibraheem al qurashi,golden amber,edp,Amber Oriental,Unisex,Strong,Strong,4.0,golden amber by ibraheem al qurashi is a edp perfume designed for Unisex. It belongs to the Amber Oriental category and has Strong longevity.,"warm, cozy","dinner, romantic"
nusuk,al mukhtalif signature,edp,Oriental Woody,Unisex,Medium,Medium,3.0,al mukhtalif signature by nusuk is a edp perfume designed for Unisex. It belongs to the Oriental Woody category and has Medium longevity.,"mysterious, deep","formal, dinner"
nusuk,ana al awwal,edp,Fresh Spicy,Unisex,Medium,Medium,3.0,ana al awwal by nusuk is a edp perfume designed for Unisex. It belongs to the Fresh Spicy category and has Medium longevity.,"vibrant, lively","outdoors, casual"
my perfumes,oud al layl,edp,Oud Deep,Unisex,Strong,Strong,4.0,oud al layl by my perfumes is a edp perfume designed for Unisex. It belongs to the Oud Deep category and has Strong longevity.,,
nusuk,naseem aqua,edp,Fresh Aquatic,Unisex,Medium,Medium,3.0,naseem aqua by nusuk is a edp perfume designed for Unisex. It belongs to the Fresh Aquatic category and has Medium longevity.,"fresh, lively","summer, beach"
zimaya,sharaf blend,edp,Woody Floral,Unisex,Medium,Medium,3.0,sharaf blend by zimaya is a edp perfume designed for Unisex. It belongs to the Woody Floral category and has Medium longevity.,"soft, warm","date, dinner"
zimaya,sharaf club black,edp,Oud Oriental,Unisex,Strong,Strong,4.0,sharaf club black by zimaya is a edp perfume designed for Unisex. It belongs to the Oud Oriental category and has Strong longevity.,,
ard al zaafaran,al dirgham gold limited edition,edp,Amber Spicy,Unisex,Strong,Strong,4.0,al dirgham gold limited edition by ard al zaafaran is a edp perfume designed for Unisex. It belongs to the Amber Spicy category and has Strong longevity.,,
ard al zaafaran,al dirgham silver special edition,edp,Fresh Spicy,Unisex,Medium,Medium,3.0,al dirgham silver special edition by ard al zaafaran is a edp perfume designed for Unisex. It belongs to the Fresh Spicy category and has Medium longevity.,"vibrant, lively","outdoors, casual"
al haramain,amber oud aqua dubai,edp,Fresh Amber,Male,Medium,Medium,3.0,amber oud aqua dubai by al haramain is a edp perfume designed for Male. It belongs to the Fresh Amber category and has Medium longevity.,,
al haramain,detour noir,edp,Woody Spicy,Male,Strong,Strong,4.0,detour noir by al haramain is a edp perfume designed for Male. It belongs to the Woody Spicy category and has Strong longevity.,"strong, confident","evening, dinner"
al haramain,detour noir intense,edp,Woody Spicy,Male,Strong,Strong,4.0,detour noir intense by al haramain is a edp perfume designed for Male. It belongs to the Woody Spicy category and has Strong longevity.,"strong, confident","evening, dinner"
al haramain,detour eco,edp,Fresh Fougere,Male,Medium,Medium,3.0,detour eco by al haramain is a edp perfume designed for Male. It belongs to the Fresh Fougere category and has Medium longevity.,,
al haramain,detour rouge,edp,Woody Spicy,Male,Strong,Strong,4.0,detour rouge by al haramain is a edp perfume designed for Male. It belongs to the Woody Spicy category and has Strong longevity.,"strong, confident","evening, dinner"
dirham,dirham oud,edp,Oud Woody,Unisex,Strong,Strong,4.0,dirham oud by dirham is a edp perfume designed for Unisex. It belongs to the Oud Woody category and has Strong longevity.,,
dirham,dirham wardi,edp,Rose Oud,Unisex,Strong,Strong,4.0,dirham wardi by dirham is a edp perfume designed for Unisex. It belongs to the Rose Oud category and has Strong longevity.,,
dirham,dirham silver,edp,Fresh Aromatic,Male,Medium,Medium,3.0,dirham silver by dirham is a edp perfume designed for Male. It belongs to the Fresh Aromatic category and has Medium longevity.,"bright, uplifting","daily, errands"
dirham,dirham gold,edp,Woody Spicy,Male,Strong,Strong,4.0,dirham gold by dirham is a edp perfume designed for Male. It belongs to the Woody Spicy category and has Strong longevity.,"strong, confident","evening, dinner"
sheikh zayed,sheikh zayed blue,edp,Fresh Aquatic,Male,Medium,Medium,3.0,sheikh zayed blue by sheikh zayed is a edp perfume designed for Male. It belongs to the Fresh Aquatic category and has Medium longevity.,"fresh, lively","summer, beach"
al wataniah,kayaan classic,edp,Woody Spicy,Male,Medium,Medium,3.0,kayaan classic by al wataniah is a edp perfume designed for Male. It belongs to the Woody Spicy category and has Medium longevity.,"strong, confident","evening, dinner"
insurrection,insurrection wild ii,edp,Woody Spicy,Male,Strong,Strong,4.0,insurrection wild ii by insurrection is a edp perfume designed for Male. It belongs to the Woody Spicy category and has Strong longevity.,"strong, confident","evening, dinner"
rue broca,theoreme martix,edp,Oriental Spicy,Unisex,Strong,Strong,4.0,theoreme martix by rue broca is a edp perfume designed for Unisex. It belongs to the Oriental Spicy category and has Strong longevity.,"bold, confident","party, special events"
rue broca,theoreme,edp,Oriental Spicy,Unisex,Medium,Medium,3.0,theoreme by rue broca is a edp perfume designed for Unisex. It belongs to the Oriental Spicy category and has Medium longevity.,"bold, confident","party, special events"
khadlj,island,edp,Fresh Green,Unisex,Light–Medium,Medium,2.0,island by khadlj is a edp perfume designed for Unisex. It belongs to the Fresh Green category and has Medium longevity.,,
khadlj,island vanilla dunes,edp,Fruity Vanilla,Unisex,Medium,Medium,3.0,island vanilla dunes by khadlj is a edp perfume designed for Unisex. It belongs to the Fruity Vanilla category and has Medium longevity.,,
khadlj,karus blue spice,edp,Fresh Spicy,Unisex,Medium,Medium,3.0,karus blue spice by khadlj is a edp perfume designed for Unisex. It belongs to the Fresh Spicy category and has Medium longevity.,"vibrant, lively","outdoors, casual"
khadlj,cloud candy,edp,Sweet Gourmand,Unisex,Medium,Medium,3.0,cloud candy by khadlj is a edp perfume designed for Unisex. It belongs to the Sweet Gourmand category and has Medium longevity.,,
khadlj,shiyaaka gold,edp,Woody Spicy,Male,Strong,Strong,4.0,shiyaaka gold by khadlj is a edp perfume designed for Male. It belongs to the Woody Spicy category and has Strong longevity.,"strong, confident","evening, dinner"
khadlj,shiyaaka silver,edp,Woody Aromatic,Male,Medium,Medium,3.0,shiyaaka silver by khadlj is a edp perfume designed for Male. It belongs to the Woody Aromatic category and has Medium longevity.,"relaxing, grounded","casual, work"
khadlj,shiyaaka blue,edp,Fresh Woody,Male,Medium,Medium,3.0,shiyaaka blue by khadlj is a edp perfume designed for Male. It belongs to the Fresh Woody category and has Medium longevity.,"calm, grounded","nature outing, casual"
hamidi,addicted imperial,edp,Woody Spicy,Male,Strong,Strong,4.0,addicted imperial by hamidi is a edp perfume designed for Male. It belongs to the Woody Spicy category and has Strong longevity.,"strong, confident","evening, dinner"
hamidi,addicted silver,edp,Woody Aromatic,Male,Medium,Medium,3.0,addicted silver by hamidi is a edp perfume designed for Male. It belongs to the Woody Aromatic category and has Medium longevity.,"relaxing, grounded","casual, work"
hamidi,addicted intense,edp,Woody Spicy,Male,Strong,Strong,4.0,addicted intense by hamidi is a edp perfume designed for Male. It belongs to the Woody Spicy category and has Strong longevity.,"strong, confident","evening, dinner"
ajmal,kuro,edp,Fresh Aquatic,Male,Medium,Medium,3.0,kuro by ajmal is a edp perfume designed for Male. It belongs to the Fresh Aquatic category and has Medium longevity.,"fresh, lively","summer, beach"
ajmal,blue,edp,Fresh Aromatic,Male,Medium,Medium,3.0,blue by ajmal is a edp perfume designed for Male. It belongs to the Fresh Aromatic category and has Medium longevity.,"bright, uplifting","daily, errands"
ajmal,shiro,edp,Oriental Spicy,Unisex,Medium,Medium,3.0,shiro by ajmal is a edp perfume designed for Unisex. It belongs to the Oriental Spicy category and has Medium longevity.,"bold, confident","party, special events"
ajmal,rain drops,edp,Fresh Aquatic,Unisex,Light–Medium,Medium,2.0,rain drops by ajmal is a edp perfume designed for Unisex. It belongs to the Fresh Aquatic category and has Medium longevity.,"fresh, lively","summer, beach"
ajmal,wisal dahab,edp,Floral Oriental,Female,Medium,Medium,3.0,wisal dahab by ajmal is a edp perfume designed for Female. It belongs to the Floral Oriental category and has Medium longevity.,,
rayhaan,elixr,edp,Woody Spicy,Unisex,Strong,Strong,4.0,elixr by rayhaan is a edp perfume designed for Unisex. It belongs to the Woody Spicy category and has Strong longevity.,"strong, confident","evening, dinner"
rayhaan,crimson,edp,Spicy Floral,Female,Medium,Medium,3.0,crimson by rayhaan is a edp perfume designed for Female. It belongs to the Spicy Floral category and has Medium longevity.,,
rayhaan,pacific,edp,Fresh Aquatic,Unisex,Medium,Medium,3.0,pacific by rayhaan is a edp perfume designed for Unisex. It belongs to the Fresh Aquatic category and has Medium longevity.,"fresh, lively","summer, beach"
rayhaan,lion,edp,Woody Spicy,Unisex,Medium,Medium,3.0,lion by rayhaan is a edp perfume designed for Unisex. It belongs to the Woody Spicy category and has Medium longevity.,"strong, confident","evening, dinner"
rayhaan,imperia intense,edp,Woody Spicy,Unisex,Strong,Strong,4.0,imperia intense by rayhaan is a edp perfume designed for Unisex. It belongs to the Woody Spicy category and has Strong longevity.,"strong, confident","evening, dinner"
rayhaan,royal wood,edp,Woody,Unisex,Medium,Medium,3.0,royal wood by rayhaan is a edp perfume designed for Unisex. It belongs to the Woody category and has Medium longevity.,"calm, earthy","casual, outdoor"
rayhaan,fresh wave,edp,Fresh Aquatic,Unisex,Medium,Medium,3.0,fresh wave by rayhaan is a edp perfume designed for Unisex. It belongs to the Fresh Aquatic category and has Medium longevity.,"fresh, lively","summer, beach"
rayhaan,ocean rush,edp,Fresh Aquatic,Unisex,Medium,Medium,3.0,ocean rush by rayhaan is a edp perfume designed for Unisex. It belongs to the Fresh Aquatic category and has Medium longevity.,"fresh, lively","summer, beach"
swiss arabian,shagaf vanilla toffee,edp,Gourmand Sweet,Unisex,Strong,Strong,4.0,shagaf vanilla toffee by swiss arabian is a edp perfume designed for Unisex. It belongs to the Gourmand Sweet category and has Strong longevity.,,
swiss arabian,shagaf oud,edp,Oud Spicy,Unisex,Strong,Strong,4.0,shagaf oud by swiss arabian is a edp perfume designed for Unisex. It belongs to the Oud Spicy category and has Strong longevity.,,
ard al zaafaran,bint hooran,edp,Floral Oriental,Female,Medium,Medium,3.0,bint hooran by ard al zaafaran is a edp perfume designed for Female. It belongs to the Floral Oriental category and has Medium longevity.,,
zimaya,stallion,edp,Woody Spicy,Male,Medium,Medium,3.0,stallion by zimaya is a edp perfume designed for Male. It belongs to the Woody Spicy category and has Medium longevity.,"strong, confident","evening, dinner"
al rehab,choco musk,edp,Gourmand Sweet,Unisex,Medium,Medium,3.0,choco musk by al rehab is a edp perfume designed for Unisex. It belongs to the Gourmand Sweet category and has Medium longevity.,,
zimaya,itqan noir,edp,Woody Aromatic,Male,Strong,Strong,4.0,itqan noir by zimaya is a edp perfume designed for Male. It belongs to the Woody Aromatic category and has Strong longevity.,"relaxing, grounded","casual, work"
zimaya,tiramisu coco,edp,Gourmand Dessert,Unisex,Medium,Medium,3.0,tiramisu coco by zimaya is a edp perfume designed for Unisex. It belongs to the Gourmand Dessert category and has Medium longevity.,,
zimaya,tiramisu caramel,edp,Gourmand Dessert,Unisex,Medium,Medium,3.0,tiramisu caramel by zimaya is a edp perfume designed for Unisex. It belongs to the Gourmand Dessert category and has Medium longevity.,,
zimaya,mazaaj infused,edp,Woody Floral,Unisex,Medium,Medium,3.0,mazaaj infused by zimaya is a edp perfume designed for Unisex. It belongs to the Woody Floral category and has Medium longevity.,"soft, warm","date, dinner"
zimaya,rabab,edp,Fruity Floral,Female,Medium,Medium,3.0,rabab by zimaya is a edp perfume designed for Female. It belongs to the Fruity Floral category and has Medium longevity.,"sweet, cheerful","daytime, brunch"
paris corner,Atoof,edp,Woody Oriental,Unisex,Strong,Strong,4.0,Atoof by paris corner is a edp perfume designed for Unisex. It belongs to the Woody Oriental category and has Strong longevity.,,
paris corner,Autobiography - Citron Vanille,edp,Citrus Gourmand,Unisex,Medium,Medium,3.0,Autobiography - Citron Vanille by paris corner is a edp perfume designed for Unisex. It belongs to the Citrus Gourmand category and has Medium longevity.,,
paris corner,Autobiography - Salty Breeze,edp,Fresh Aquatic,Male,Medium,Medium,3.0,Autobiography - Salty Breeze by paris corner is a edp perfume designed for Male. It belongs to the Fresh Aquatic category and has Medium longevity.,"fresh, lively","summer, beach"
paris corner,Citron Vanille,edp,Citrus Sweet,Female,Medium,Medium,3.0,Citron Vanille by paris corner is a edp perfume designed for Female. It belongs to the Citrus Sweet category and has Medium longevity.,,
paris corner,Cosmopolitan Dubai,edp,Oriental Spicy,Unisex,Strong,Strong,4.0,Cosmopolitan Dubai by paris corner is a edp perfume designed for Unisex. It belongs to the Oriental Spicy category and has Strong longevity.,"bold, confident","party, special events"
paris corner,Choco Cult,edp,Gourmand Chocolate,Unisex,Strong,Strong,4.0,Choco Cult by paris corner is a edp perfume designed for Unisex. It belongs to the Gourmand Chocolate category and has Strong longevity.,,
paris corner,Date Caramel,edp,Sweet Gourmand,Unisex,Strong,Strong,4.0,Date Caramel by paris corner is a edp perfume designed for Unisex. It belongs to the Sweet Gourmand category and has Strong longevity.,,
paris corner,December Vanilla,edp,Vanilla Gourmand,Unisex,Medium,Medium,3.0,December Vanilla by paris corner is a edp perfume designed for Unisex. It belongs to the Vanilla Gourmand category and has Medium longevity.,,
paris corner,Emir - A Chaos In The Ocean,edp,Fresh Aquatic,Unisex,Medium,Medium,3.0,Emir - A Chaos In The Ocean by paris corner is a edp perfume designed for Unisex. It belongs to the Fresh Aquatic category and has Medium longevity.,"fresh, lively","summer, beach"
paris corner,Emir - A Walk on Dirt,edp,Woody Earthy,Unisex,Medium,Medium,3.0,Emir - A Walk on Dirt by paris corner is a edp perfume designed for Unisex. It belongs to the Woody Earthy category and has Medium longevity.,,
paris corner,Emir - Camp Fire,edp,Smoky Leather,Unisex,Strong,Strong,4.0,Emir - Camp Fire by paris corner is a edp perfume designed for Unisex. It belongs to the Smoky Leather category and has Strong longevity.,,
paris corner,Emir - Celestial,edp,Amber Woody,Unisex,Strong,Strong,4.0,Emir - Celestial by paris corner is a edp perfume designed for Unisex. It belongs to the Amber Woody category and has Strong longevity.,,
paris corner,Emir - Cherry Cola,edp,Fruity Sweet,Gourmand,Medium,Medium,3.0,Emir - Cherry Cola by paris corner is a edp perfume designed for Gourmand. It belongs to the Fruity Sweet category and has Medium longevity.,,
paris corner,Emir - Fascination,edp,Oriental Spicy,Unisex,Strong,Strong,4.0,Emir - Fascination by paris corner is a edp perfume designed for Unisex. It belongs to the Oriental Spicy category and has Strong longevity.,"bold, confident","party, special events"
paris corner,Emir - Fire Your Desire,edp,Spicy Amber,Unisex,Strong,Strong,4.0,Emir - Fire Your Desire by paris corner is a edp perfume designed for Unisex. It belongs to the Spicy Amber category and has Strong longevity.,,
paris corner,Emir - Frenetic Delicious,edp,Sweet Fruity,Unisex,Medium,Medium,3.0,Emir - Frenetic Delicious by paris corner is a edp perfume designed for Unisex. It belongs to the Sweet Fruity category and has Medium longevity.,,
paris corner,Emir - Frenetic Homme Intense,edp,Woody Spicy,Male,Strong,Strong,4.0,Emir - Frenetic Homme Intense by paris corner is a edp perfume designed for Male. It belongs to the Woody Spicy category and has Strong longevity.,"strong, confident","evening, dinner"
paris corner,Emir - Frenetic Men,edp,Fresh Spicy,Male,Medium,Medium,3.0,Emir - Frenetic Men by paris corner is a edp perfume designed for Male. It belongs to the Fresh Spicy category and has Medium longevity.,"vibrant, lively","outdoors, casual"
paris corner,Emir - Frenetic Tobacco Honey,edp,Sweet Tobacco,Unisex,Strong,Strong,4.0,Emir - Frenetic Tobacco Honey by paris corner is a edp perfume designed for Unisex. It belongs to the Sweet Tobacco category and has Strong longevity.,,
paris corner,Emir - Juicy Melange,edp,Fruity Citrus,Unisex,Medium,Medium,3.0,Emir - Juicy Melange by paris corner is a edp perfume designed for Unisex. It belongs to the Fruity Citrus category and has Medium longevity.,,
paris corner,Emir - Just Bergamot,edp,Citrus Fresh,Unisex,Medium,Medium,3.0,Emir - Just Bergamot by paris corner is a edp perfume designed for Unisex. It belongs to the Citrus Fresh category and has Medium longevity.,,
paris corner,Emir - Mango Punch,edp,Fruity Tropical,Unisex,Medium,Medium,3.0,Emir - Mango Punch by paris corner is a edp perfume designed for Unisex. It belongs to the Fruity Tropical category and has Medium longevity.,,
paris corner,Emir - Pear Potion,edp,Fruity Sweet,Unisex,Medium,Medium,3.0,Emir - Pear Potion by paris corner is a edp perfume designed for Unisex. It belongs to the Fruity Sweet category and has Medium longevity.,,
paris corner,Emir - Resurrection,edp,Woody Oriental,Unisex,Strong,Strong,4.0,Emir - Resurrection by paris corner is a edp perfume designed for Unisex. It belongs to the Woody Oriental category and has Strong longevity.,,
paris corner,Emir - Rich Santal,edp,Woody Creamy,Unisex,Strong,Strong,4.0,Emir - Rich Santal by paris corner is a edp perfume designed for Unisex. It belongs to the Woody Creamy category and has Strong longevity.,,
paris corner,Emir - Smoky Leather,edp,Leather Smoky,Unisex,Strong,Strong,4.0,Emir - Smoky Leather by paris corner is a edp perfume designed for Unisex. It belongs to the Leather Smoky category and has Strong longevity.,,
paris corner,Emir - Trillium,edp,Woody Floral,Unisex,Medium,Medium,3.0,Emir - Trillium by paris corner is a edp perfume designed for Unisex. It belongs to the Woody Floral category and has Medium longevity.,"soft, warm","date, dinner"
paris corner,Emir - Triumphant Sapphire,edp,Woody Spicy,Unisex,Strong,Strong,4.0,Emir - Triumphant Sapphire by paris corner is a edp perfume designed for Unisex. It belongs to the Woody Spicy category and has Strong longevity.,"strong, confident","evening, dinner"
paris corner,Emir - Ultra Citrus,edp,Citrus Fresh,Unisex,Medium,Medium,3.0,Emir - Ultra Citrus by paris corner is a edp perfume designed for Unisex. It belongs to the Citrus Fresh category and has Medium longevity.,,
paris corner,Emir - Vertex,edp,Woody Spicy,Male,Strong,Strong,4.0,Emir - Vertex by paris corner is a edp perfume designed for Male. It belongs to the Woody Spicy category and has Strong longevity.,"strong, confident","evening, dinner"
paris corner,Emir - Vibrant Delight,edp,Sweet Fruity,Unisex,Medium,Medium,3.0,Emir - Vibrant Delight by paris corner is a edp perfume designed for Unisex. It belongs to the Sweet Fruity category and has Medium longevity.,,
paris corner,Emir - Vibrant Orange & Neroli,edp,Citrus Floral,Unisex,Medium,Medium,3.0,Emir - Vibrant Orange & Neroli by paris corner is a edp perfume designed for Unisex. It belongs to the Citrus Floral category and has Medium longevity.,,
paris corner,Emir - Cedrat Essence,edp,Citrus Fresh,Unisex,Medium,Medium,3.0,Emir - Cedrat Essence by paris corner is a edp perfume designed for Unisex. It belongs to the Citrus Fresh category and has Medium longevity.,,
paris corner,Eternal Musk,edp,Musky Floral,Unisex,Medium,Medium,3.0,Eternal Musk by paris corner is a edp perfume designed for Unisex. It belongs to the Musky Floral category and has Medium longevity.,,
paris corner,Identity - Oud Crescent,edp,Oud Oriental,Unisex,Strong,Strong,4.0,Identity - Oud Crescent by paris corner is a edp perfume designed for Unisex. It belongs to the Oud Oriental category and has Strong longevity.,,
paris corner,Identity - Rose & Leather,edp,Floral Leather,Unisex,Strong,Strong,4.0,Identity - Rose & Leather by paris corner is a edp perfume designed for Unisex. It belongs to the Floral Leather category and has Strong longevity.,,
paris corner,Kaheela Lux,edp,Amber Spicy,Female,Strong,Strong,4.0,Kaheela Lux by paris corner is a edp perfume designed for Female. It belongs to the Amber Spicy category and has Strong longevity.,,
paris corner,Khair,edp,Sweet Floral,Female,Medium,Medium,3.0,Khair by paris corner is a edp perfume designed for Female. It belongs to the Sweet Floral category and has Medium longevity.,"feminine, soft","party, casual"
paris corner,Khair Confection,edp,Sweet Gourmand,Female,Medium,Medium,3.0,Khair Confection by paris corner is a edp perfume designed for Female. It belongs to the Sweet Gourmand category and has Medium longevity.,,
paris corner,Khair Felicity,edp,Floral Sweet,Female,Medium,Medium,3.0,Khair Felicity by paris corner is a edp perfume designed for Female. It belongs to the Floral Sweet category and has Medium longevity.,,
paris corner,Khair Fusion,edp,Floral Fruity,Female,Medium,Medium,3.0,Khair Fusion by paris corner is a edp perfume designed for Female. It belongs to the Floral Fruity category and has Medium longevity.,"romantic, happy","daytime, casual"
paris corner,Khair Pistachio,edp,Gourmand Nutty,Unisex,Medium,Medium,3.0,Khair Pistachio by paris corner is a edp perfume designed for Unisex. It belongs to the Gourmand Nutty category and has Medium longevity.,,
paris corner,Killer Oud - Death By Oud,edp,Oud Smoky,Unisex,Strong,Strong,4.0,Killer Oud - Death By Oud by paris corner is a edp perfume designed for Unisex. It belongs to the Oud Smoky category and has Strong longevity.,,
paris corner,Killer Oud - Midnight Ecstasy,edp,Amber Oud,Unisex,Strong,Strong,4.0,Killer Oud - Midnight Ecstasy by paris corner is a edp perfume designed for Unisex. It belongs to the Amber Oud category and has Strong longevity.,,
paris corner,Marshmallow Blush,edp,Sweet Gourmand,Female,Medium,Medium,3.0,Marshmallow Blush by paris corner is a edp perfume designed for Female. It belongs to the Sweet Gourmand category and has Medium longevity.,,
paris corner,Mawj Moscow Mule,edp,Citrus Fresh,Unisex,Medium,Medium,3.0,Mawj Moscow Mule by paris corner is a edp perfume designed for Unisex. It belongs to the Citrus Fresh category and has Medium longevity.,,
paris corner,Ministry of Gourmand - Banana Bliss,edp,Fruity Gourmand,Unisex,Medium,Medium,3.0,Ministry of Gourmand - Banana Bliss by paris corner is a edp perfume designed for Unisex. It belongs to the Fruity Gourmand category and has Medium longevity.,,
paris corner,Ministry of Gourmand - Tiramisu Specoloo,edp,Dessert Gourmand,Unisex,Medium,Medium,3.0,Ministry of Gourmand - Tiramisu Specoloo by paris corner is a edp perfume designed for Unisex. It belongs to the Dessert Gourmand category and has Medium longevity.,,
paris corner,Ministry Series - Amber Oud,edp,Amber Oud,Unisex,Strong,Strong,4.0,Ministry Series - Amber Oud by paris corner is a edp perfume designed for Unisex. It belongs to the Amber Oud category and has Strong longevity.,,
paris corner,Ministry Series - Oud Royal,edp,Oud Spicy,Unisex,Strong,Strong,4.0,Ministry Series - Oud Royal by paris corner is a edp perfume designed for Unisex. It belongs to the Oud Spicy category and has Strong longevity.,,
paris corner,Ministry Series - Oud Satin,edp,Oud Sweet,Unisex,Strong,Strong,4.0,Ministry Series - Oud Satin by paris corner is a edp perfume designed for Unisex. It belongs to the Oud Sweet category and has Strong longevity.,,
paris corner,Ministry Series - Oud Indonesian,edp,Oud Woody,Unisex,Strong,Strong,4.0,Ministry Series - Oud Indonesian by paris corner is a edp perfume designed for Unisex. It belongs to the Oud Woody category and has Strong longevity.,,
paris corner,North Stag - Neuf IX (9),edp,Woody Spicy,Male,Strong,Strong,4.0,North Stag - Neuf IX (9) by paris corner is a edp perfume designed for Male. It belongs to the Woody Spicy category and has Strong longevity.,"strong, confident","evening, dinner"
paris corner,North Stag - Sept VII (7),edp,Woody Aromatic,Male,Medium,Medium,3.0,North Stag - Sept VII (7) by paris corner is a edp perfume designed for Male. It belongs to the Woody Aromatic category and has Medium longevity.,"relaxing, grounded","casual, work"
paris corner,North Stag - Huit VIII (8),edp,Woody Oriental,Male,Strong,Strong,4.0,North Stag - Huit VIII (8) by paris corner is a edp perfume designed for Male. It belongs to the Woody Oriental category and has Strong longevity.,,
paris corner,North Stag - Phenomenal Quatorze XIV (14),edp,Oriental Spicy,Male,Strong,Strong,4.0,North Stag - Phenomenal Quatorze XIV (14) by paris corner is a edp perfume designed for Male. It belongs to the Oriental Spicy category and has Strong longevity.,"bold, confident","party, special events"
paris corner,North Stag Expressions - I (Une/1),edp,Woody Fresh,Unisex,Medium,Medium,3.0,North Stag Expressions - I (Une/1) by paris corner is a edp perfume designed for Unisex. It belongs to the Woody Fresh category and has Medium longevity.,,
paris corner,North Stag Expressions - II (Deux/2),edp,Woody Oriental,Unisex,Strong,Strong,4.0,North Stag Expressions - II (Deux/2) by paris corner is a edp perfume designed for Unisex. It belongs to the Woody Oriental category and has Strong longevity.,,
paris corner,North Stag Expressions - III (Trois/3),edp,Oriental Spicy,Unisex,Strong,Strong,4.0,North Stag Expressions - III (Trois/3) by paris corner is a edp perfume designed for Unisex. It belongs to the Oriental Spicy category and has Strong longevity.,"bold, confident","party, special events"
paris corner,North Stag Expressions - IV (Quatre/4),edp,Amber Woody,Unisex,Strong,Strong,4.0,North Stag Expressions - IV (Quatre/4) by paris corner is a edp perfume designed for Unisex. It belongs to the Amber Woody category and has Strong longevity.,,
paris corner,Prive Zarah - Barcode Signature,edp,Woody Aromatic,Male,Medium,Medium,3.0,Prive Zarah - Barcode Signature by paris corner is a edp perfume designed for Male. It belongs to the Woody Aromatic category and has Medium longevity.,"relaxing, grounded","casual, work"
paris corner,Prive Zarah - Blend Afgano,edp,Oud Oriental,Unisex,Strong,Strong,4.0,Prive Zarah - Blend Afgano by paris corner is a edp perfume designed for Unisex. It belongs to the Oud Oriental category and has Strong longevity.,,
paris corner,Prive Zarah - Bois Dores,edp,Woody Amber,Unisex,Strong,Strong,4.0,Prive Zarah - Bois Dores by paris corner is a edp perfume designed for Unisex. It belongs to the Woody Amber category and has Strong longevity.,,
paris corner,Prive Zarah - Why,edp,Fresh Spicy,Male,Medium,Medium,3.0,Prive Zarah - Why by paris corner is a edp perfume designed for Male. It belongs to the Fresh Spicy category and has Medium longevity.,"vibrant, lively","outdoors, casual"
paris corner,Qissa (Pink),edp,Fruity Floral,Female,Medium,Medium,3.0,Qissa (Pink) by paris corner is a edp perfume designed for Female. It belongs to the Fruity Floral category and has Medium longevity.,"sweet, cheerful","daytime, brunch"
paris corner,Qissa Delicious,edp,Sweet Fruity,Female,Medium,Medium,3.0,Qissa Delicious by paris corner is a edp perfume designed for Female. It belongs to the Sweet Fruity category and has Medium longevity.,,
paris corner,Rifaqat,edp,Amber Spicy,Unisex,Strong,Strong,4.0,Rifaqat by paris corner is a edp perfume designed for Unisex. It belongs to the Amber Spicy category and has Strong longevity.,,
paris corner,Rifaqat Adorn,edp,Floral Oriental,Female,Medium,Medium,3.0,Rifaqat Adorn by paris corner is a edp perfume designed for Female. It belongs to the Floral Oriental category and has Medium longevity.,,
paris corner,Salty Breeze,edp,Fresh Aquatic,Unisex,Medium,Medium,3.0,Salty Breeze by paris corner is a edp perfume designed for Unisex. It belongs to the Fresh Aquatic category and has Medium longevity.,"fresh, lively","summer, beach"
paris corner,Soothing Zephyr,edp,Fresh Aromatic,Unisex,Medium,Medium,3.0,Soothing Zephyr by paris corner is a edp perfume designed for Unisex. It belongs to the Fresh Aromatic category and has Medium longevity.,"bright, uplifting","daily, errands"
paris corner,Taskeen Caramel,edp,Sweet Gourmand,Unisex,Medium,Medium,3.0,Taskeen Caramel by paris corner is a edp perfume designed for Unisex. It belongs to the Sweet Gourmand category and has Medium longevity.,,
paris corner,Taskeen Marina,edp,Fresh Aquatic,Unisex,Medium,Medium,3.0,Taskeen Marina by paris corner is a edp perfume designed for Unisex. It belongs to the Fresh Aquatic category and has Medium longevity.,"fresh, lively","summer, beach"
paris corner,Voux - Blue Oud,edp,Oud Woody,Unisex,Strong,Strong,4.0,Voux - Blue Oud by paris corner is a edp perfume designed for Unisex. It belongs to the Oud Woody category and has Strong longevity.,,
paris corner,Voux - Elegante,edp,Floral Oriental,Female,Medium,Medium,3.0,Voux - Elegante by paris corner is a edp perfume designed for Female. It belongs to the Floral Oriental category and has Medium longevity.,,
paris corner,Voux - Voilette,edp,Floral Powdery,Female,Medium,Medium,3.0,Voux - Voilette by paris corner is a edp perfume designed for Female. It belongs to the Floral Powdery category and has Medium longevity.,,
paris corner,Voux - Zeste,edp,Citrus Fresh,Unisex,Medium,Medium,3.0,Voux - Zeste by paris corner is a edp perfume designed for Unisex. It belongs to the Citrus Fresh category and has Medium longevity.,,
paris corner,Voux - Zingy,edp,Fruity Citrus,Unisex,Medium,Medium,3.0,Voux - Zingy by paris corner is a edp perfume designed for Unisex. It belongs to the Fruity Citrus category and has Medium longevity.,,
Afnan,9 AM Dive,EDP,Fresh Scent,Unisex,Medium,Medium,3.0,9 AM Dive by Afnan is a EDP perfume designed for Unisex. It belongs to the Fresh Scent category and has Medium longevity.,"light, refreshing","office, casual"
Afnan,9 AM Pour Femme,EDP,Fresh Scent,Female,Medium,Medium,3.0,9 AM Pour Femme by Afnan is a EDP perfume designed for Female. It belongs to the Fresh Scent category and has Medium longevity.,"light, refreshing","office, casual"
Afnan,9 AM Pour Homme,EDP,Fresh Scent,Male,Medium,Medium,3.0,9 AM Pour Homme by Afnan is a EDP perfume designed for Male. It belongs to the Fresh Scent category and has Medium longevity.,"light, refreshing","office, casual"
Afnan,9 PM,EDP,Mass Pleaser,Unisex,Medium,Medium,3.0,9 PM by Afnan is a EDP perfume designed for Unisex. It belongs to the Mass Pleaser category and has Medium longevity.,,
Afnan,9 PM Rebel,EDP,Woody Fruity,Male,Strong,Strong,4.0,9 PM Rebel by Afnan is a EDP perfume designed for Male. It belongs to the Woody Fruity category and has Strong longevity.,,
Afnan,Cherry Bouquet,EDP,Fruity Gourmand,Female,Medium,Medium,3.0,Cherry Bouquet by Afnan is a EDP perfume designed for Female. It belongs to the Fruity Gourmand category and has Medium longevity.,,
Afnan,Abstract Portrait,EDP,Oriental Fougere,Unisex,Strong,Strong,4.0,Abstract Portrait by Afnan is a EDP perfume designed for Unisex. It belongs to the Oriental Fougere category and has Strong longevity.,,
Afnan,Fatima Pink,Extrait de Parfum,Floral Fruity,Female,Medium,Medium,3.0,Fatima Pink by Afnan is a Extrait de Parfum perfume designed for Female. It belongs to the Floral Fruity category and has Medium longevity.,"romantic, happy","daytime, casual"
Afnan,Fatima Velvet Love,EDP,Floral Gourmand,Female,Medium,Medium,3.0,Fatima Velvet Love by Afnan is a EDP perfume designed for Female. It belongs to the Floral Gourmand category and has Medium longevity.,,
Afnan,Historic Olmeda,EDP,Aromatic Spicy,Unisex,Medium,Medium,3.0,Historic Olmeda by Afnan is a EDP perfume designed for Unisex. It belongs to the Aromatic Spicy category and has Medium longevity.,,
Afnan,Historic Sahara,EDP,Oriental Vanilla,Unisex,Strong,Strong,4.0,Historic Sahara by Afnan is a EDP perfume designed for Unisex. It belongs to the Oriental Vanilla category and has Strong longevity.,,
Afnan,Modest Deux,EDP,Fresh Scent,Female,Medium,Medium,3.0,Modest Deux by Afnan is a EDP perfume designed for Female. It belongs to the Fresh Scent category and has Medium longevity.,"light, refreshing","office, casual"
Afnan,Modest Une,EDP,Fresh Scent,Female,Medium,Medium,3.0,Modest Une by Afnan is a EDP perfume designed for Female. It belongs to the Fresh Scent category and has Medium longevity.,"light, refreshing","office, casual"
Afnan,Mystique Bouquet,EDP,Fruity Floral,Female,Medium,Medium,3.0,Mystique Bouquet by Afnan is a EDP perfume designed for Female. It belongs to the Fruity Floral category and has Medium longevity.,"sweet, cheerful","daytime, brunch"
Afnan,Penthouse Ginza,EDP,Woody Spicy,Male,Medium,Medium,3.0,Penthouse Ginza by Afnan is a EDP perfume designed for Male. It belongs to the Woody Spicy category and has Medium longevity.,"strong, confident","evening, dinner"
Afnan,Pride Intense,EDP,Woody Spicy,Male,Medium,Medium,3.0,Pride Intense by Afnan is a EDP perfume designed for Male. It belongs to the Woody Spicy category and has Medium longevity.,"strong, confident","evening, dinner"
Afnan,Rare Carbon,EDP,Woody Spicy,Male,Medium,Medium,3.0,Rare Carbon by Afnan is a EDP perfume designed for Male. It belongs to the Woody Spicy category and has Medium longevity.,"strong, confident","evening, dinner"
Afnan,Rare Reef,EDP,Woody Spicy,Male,Medium,Medium,3.0,Rare Reef by Afnan is a EDP perfume designed for Male. It belongs to the Woody Spicy category and has Medium longevity.,"strong, confident","evening, dinner"
Afnan,Rare Tiffany,EDP,Woody Spicy,Male,Medium,Medium,3.0,Rare Tiffany by Afnan is a EDP perfume designed for Male. It belongs to the Woody Spicy category and has Medium longevity.,"strong, confident","evening, dinner"
Afnan,Supremacy Collector's Edition,EDP,Woody Spicy,Male,Strong,Strong,4.0,Supremacy Collector's Edition by Afnan is a EDP perfume designed for Male. It belongs to the Woody Spicy category and has Strong longevity.,"strong, confident","evening, dinner"
Afnan,Supremacy Silver,EDP,Woody Spicy,Male,Medium,Medium,3.0,Supremacy Silver by Afnan is a EDP perfume designed for Male. It belongs to the Woody Spicy category and has Medium longevity.,"strong, confident","evening, dinner"
Afnan,Supremacy In Heaven,EDP,Woody Spicy,Male,Medium,Medium,3.0,Supremacy In Heaven by Afnan is a EDP perfume designed for Male. It belongs to the Woody Spicy category and has Medium longevity.,"strong, confident","evening, dinner"
Afnan,Supremacy in Oud,EDP,Woody Spicy,Male,Strong,Strong,4.0,Supremacy in Oud by Afnan is a EDP perfume designed for Male. It belongs to the Woody Spicy category and has Strong longevity.,"strong, confident","evening, dinner"
Afnan,Supremacy Not Only Intense,EDP,Woody Spicy,Male,Strong,Strong,4.0,Supremacy Not Only Intense by Afnan is a EDP perfume designed for Male. It belongs to the Woody Spicy category and has Strong longevity.,"strong, confident","evening, dinner"
Afnan,Theoreme,EDP,Woody Spicy,Unisex,Medium,Medium,3.0,Theoreme by Afnan is a EDP perfume designed for Unisex. It belongs to the Woody Spicy category and has Medium longevity.,"strong, confident","evening, dinner"
Afnan,Theoreme Matrix,EDP,Woody Spicy,Unisex,Medium,Medium,3.0,Theoreme Matrix by Afnan is a EDP perfume designed for Unisex. It belongs to the Woody Spicy category and has Medium longevity.,"strong, confident","evening, dinner"
Afnan,Theoreme Pour Femme,EDP,Woody Spicy,Female,Medium,Medium,3.0,Theoreme Pour Femme by Afnan is a EDP perfume designed for Female. It belongs to the Woody Spicy category and has Medium longevity.,"strong, confident","evening, dinner"
Afnan,Turathi Blue,EDP,Woody Spicy,Male,Medium,Medium,3.0,Turathi Blue by Afnan is a EDP perfume designed for Male. It belongs to the Woody Spicy category and has Medium longevity.,"strong, confident","evening, dinner"
Afnan,Turathi Brown,EDP,Woody Spicy,Male,Medium,Medium,3.0,Turathi Brown by Afnan is a EDP perfume designed for Male. It belongs to the Woody Spicy category and has Medium longevity.,"strong, confident","evening, dinner"
Afnan,Turathi Electric,EDP,Woody Spicy,Male,Medium,Medium,3.0,Turathi Electric by Afnan is a EDP perfume designed for Male. It belongs to the Woody Spicy category and has Medium longevity.,"strong, confident","evening, dinner"
xerjoff,Accento,edp,Chypre Floral Fruity,Unisex,Strong,Strong,4.0,Accento by xerjoff is a edp perfume designed for Unisex. It belongs to the Chypre Floral Fruity category and has Strong longevity.,,
xerjoff,Mefisto Gentiluomo,edp,Woody Aromatic,Unisex,Medium,Medium,3.0,Mefisto Gentiluomo by xerjoff is a edp perfume designed for Unisex. It belongs to the Woody Aromatic category and has Medium longevity.,"relaxing, grounded","casual, work"
xerjoff,Erba Pura,edp,Fruity Musk,Unisex,Strong,Strong,4.0,Erba Pura by xerjoff is a edp perfume designed for Unisex. It belongs to the Fruity Musk category and has Strong longevity.,,
xerjoff,More Than Words,edp,Floral Oriental,Female,Medium,Medium,3.0,More Than Words by xerjoff is a edp perfume designed for Female. It belongs to the Floral Oriental category and has Medium longevity.,,
xerjoff,Naxos,edp,Oriental Fougere Gourmand,Unisex,Strong,Strong,4.0,Naxos by xerjoff is a edp perfume designed for Unisex. It belongs to the Oriental Fougere Gourmand category and has Strong longevity.,,
xerjoff,Starlight,edp,Gourmand Spicy,Unisex,Medium,Medium,3.0,Starlight by xerjoff is a edp perfume designed for Unisex. It belongs to the Gourmand Spicy category and has Medium longevity.,,
xerjoff,Wardasina,edp,Woody Floral,Unisex,Medium,Medium,3.0,Wardasina by xerjoff is a edp perfume designed for Unisex. It belongs to the Woody Floral category and has Medium longevity.,"soft, warm","date, dinner"
xerjoff,Zaffiro,edp,Citrus Floral,Unisex,Medium,Medium,3.0,Zaffiro by xerjoff is a edp perfume designed for Unisex. It belongs to the Citrus Floral category and has Medium longevity.,,
xerjoff,Uden,edp,Woody Oriental,Unisex,Strong,Strong,4.0,Uden by xerjoff is a edp perfume designed for Unisex. It belongs to the Woody Oriental category and has Strong longevity.,,
xerjoff,Richwood,edp,Woody Spicy,Unisex,Strong,Strong,4.0,Richwood by xerjoff is a edp perfume designed for Unisex. It belongs to the Woody Spicy category and has Strong longevity.,"strong, confident","evening, dinner"
xerjoff,1861 Naxos,edp,Oriental Spicy,Unisex,Strong,Strong,4.0,1861 Naxos by xerjoff is a edp perfume designed for Unisex. It belongs to the Oriental Spicy category and has Strong longevity.,"bold, confident","party, special events"
xerjoff,Alexandria II,edp,Amber Oriental,Unisex,Strong,Strong,4.0,Alexandria II by xerjoff is a edp perfume designed for Unisex. It belongs to the Amber Oriental category and has Strong longevity.,"warm, cozy","dinner, romantic"
xerjoff,Lira,edp,Floral Fruity,Female,Medium,Medium,3.0,Lira by xerjoff is a edp perfume designed for Female. It belongs to the Floral Fruity category and has Medium longevity.,"romantic, happy","daytime, casual"
xerjoff,Join the Club,edp,Citrus Woody,Unisex,Medium,Medium,3.0,Join the Club by xerjoff is a edp perfume designed for Unisex. It belongs to the Citrus Woody category and has Medium longevity.,,
xerjoff,Gloria,edp,Floral Fruity,Female,Medium,Medium,3.0,Gloria by xerjoff is a edp perfume designed for Female. It belongs to the Floral Fruity category and has Medium longevity.,"romantic, happy","daytime, casual"
xerjoff,Vol De Nuit,edp,Oriental Spicy,Unisex,Strong,Strong,4.0,Vol De Nuit by xerjoff is a edp perfume designed for Unisex. It belongs to the Oriental Spicy category and has Strong longevity.,"bold, confident","party, special events"
xerjoff,Nio,edp,Fruity Citrus,Unisex,Medium,Medium,3.0,Nio by xerjoff is a edp perfume designed for Unisex. It belongs to the Fruity Citrus category and has Medium longevity.,,
xerjoff,Romeo,edp,Woody Spicy,Male,Strong,Strong,4.0,Romeo by xerjoff is a edp perfume designed for Male. It belongs to the Woody Spicy category and has Strong longevity.,"strong, confident","evening, dinner"
Paco Rabanne,Phantom,Parfum,Woody Aromatic,Unisex,Strong,Strong,4.0,Phantom by Paco Rabanne is a Parfum perfume designed for Unisex. It belongs to the Woody Aromatic category and has Strong longevity.,"relaxing, grounded","casual, work"
Paco Rabanne,Fame,Parfum,Floriental,Female,Strong,Strong,4.0,Fame by Paco Rabanne is a Parfum perfume designed for Female. It belongs to the Floriental category and has Strong longevity.,"elegant, sensual","evening, date"
Paco Rabanne,Invictus Victory Elixir,Parfum,Amber Spicy,Male,Strong,Strong,4.0,Invictus Victory Elixir by Paco Rabanne is a Parfum perfume designed for Male. It belongs to the Amber Spicy category and has Strong longevity.,,
Paco Rabanne,Invictus Legend,Parfum,Woody Spicy,Male,Strong,Strong,4.0,Invictus Legend by Paco Rabanne is a Parfum perfume designed for Male. It belongs to the Woody Spicy category and has Strong longevity.,"strong, confident","evening, dinner"
Paco Rabanne,Invictus Platinum,Parfum,Aromatic Fougere,Male,Strong,Strong,4.0,Invictus Platinum by Paco Rabanne is a Parfum perfume designed for Male. It belongs to the Aromatic Fougere category and has Strong longevity.,,
Paco Rabanne,Lady Million,Parfum,Floriental,Female,Medium,Medium,3.0,Lady Million by Paco Rabanne is a Parfum perfume designed for Female. It belongs to the Floriental category and has Medium longevity.,"elegant, sensual","evening, date"
Paco Rabanne,1 Million Eau de Toilette,EDT,Woody Spicy,Male,Medium,Medium,3.0,1 Million Eau de Toilette by Paco Rabanne is a EDT perfume designed for Male. It belongs to the Woody Spicy category and has Medium longevity.,"strong, confident","evening, dinner"
Paco Rabanne,1 Million Fabulous,Parfum,Amber Spicy,Male,Medium,Medium,3.0,1 Million Fabulous by Paco Rabanne is a Parfum perfume designed for Male. It belongs to the Amber Spicy category and has Medium longevity.,,
Paco Rabanne,1 Million Lucky,Parfum,Woody Fruity,Male,Strong,Strong,4.0,1 Million Lucky by Paco Rabanne is a Parfum perfume designed for Male. It belongs to the Woody Fruity category and has Strong longevity.,,
Paco Rabanne,1 Million Prive,Parfum,Amber Spicy,Male,Strong,Strong,4.0,1 Million Prive by Paco Rabanne is a Parfum perfume designed for Male. It belongs to the Amber Spicy category and has Strong longevity.,,
Paco Rabanne,1 Million Royal,Parfum,Amber Woody,Male,Medium,Medium,3.0,1 Million Royal by Paco Rabanne is a Parfum perfume designed for Male. It belongs to the Amber Woody category and has Medium longevity.,,
Paco Rabanne,Phantom Legion,Parfum,Woody Aromatic,Unisex,Strong,Strong,4.0,Phantom Legion by Paco Rabanne is a Parfum perfume designed for Unisex. It belongs to the Woody Aromatic category and has Strong longevity.,"relaxing, grounded","casual, work"
Paco Rabanne,Phantom Pour Homme,Parfum,Woody Aromatic,Unisex,Strong,Strong,4.0,Phantom Pour Homme by Paco Rabanne is a Parfum perfume designed for Unisex. It belongs to the Woody Aromatic category and has Strong longevity.,"relaxing, grounded","casual, work"
Paco Rabanne,Pure XS,Parfum,Amber Spicy,Male,Strong,Strong,4.0,Pure XS by Paco Rabanne is a Parfum perfume designed for Male. It belongs to the Amber Spicy category and has Strong longevity.,,
Paco Rabanne,Pure XS for Her,Parfum,Floriental,Female,Strong,Strong,4.0,Pure XS for Her by Paco Rabanne is a Parfum perfume designed for Female. It belongs to the Floriental category and has Strong longevity.,"elegant, sensual","evening, date"
Jean Paul Gaultier,Le Male,EDT,Amber Spicy,Male,Medium,Medium,3.0,Le Male by Jean Paul Gaultier is a EDT perfume designed for Male. It belongs to the Amber Spicy category and has Medium longevity.,,
Jean Paul Gaultier,Ultra Male,EDP,Amber Spicy,Male,Strong,Strong,4.0,Ultra Male by Jean Paul Gaultier is a EDP perfume designed for Male. It belongs to the Amber Spicy category and has Strong longevity.,,
Jean Paul Gaultier,Le Male Le Parfum,EDP,Amber Woody,Male,Strong,Strong,4.0,Le Male Le Parfum by Jean Paul Gaultier is a EDP perfume designed for Male. It belongs to the Amber Woody category and has Strong longevity.,,
Jean Paul Gaultier,Le Beau,EDT,Woody Aromatic,Male,Medium,Medium,3.0,Le Beau by Jean Paul Gaultier is a EDT perfume designed for Male. It belongs to the Woody Aromatic category and has Medium longevity.,"relaxing, grounded","casual, work"
Jean Paul Gaultier,Le Beau Le Parfum,EDP,Woody Amber,Male,Strong,Strong,4.0,Le Beau Le Parfum by Jean Paul Gaultier is a EDP perfume designed for Male. It belongs to the Woody Amber category and has Strong longevity.,,
Jean Paul Gaultier,Le Beau Paradise Garden,EDP,Woody Watery,Male,Medium,Medium,3.0,Le Beau Paradise Garden by Jean Paul Gaultier is a EDP perfume designed for Male. It belongs to the Woody Watery category and has Medium longevity.,,
Jean Paul Gaultier,Le Male In The Navy,EDT,Aromatic Fougere,Male,Medium,Medium,3.0,Le Male In The Navy by Jean Paul Gaultier is a EDT perfume designed for Male. It belongs to the Aromatic Fougere category and has Medium longevity.,,
Jean Paul Gaultier,Le Male Le Parfum Pride Edition,EDP,Amber Woody,Male,Strong,Strong,4.0,Le Male Le Parfum Pride Edition by Jean Paul Gaultier is a EDP perfume designed for Male. It belongs to the Amber Woody category and has Strong longevity.,,
Jean Paul Gaultier,Le Male Elixir,EDP,Amber Fougere,Male,Strong,Strong,4.0,Le Male Elixir by Jean Paul Gaultier is a EDP perfume designed for Male. It belongs to the Amber Fougere category and has Strong longevity.,,
Jean Paul Gaultier,Le Male Aviator,EDT,Aromatic Fougere,Male,Medium,Medium,3.0,Le Male Aviator by Jean Paul Gaultier is a EDT perfume designed for Male. It belongs to the Aromatic Fougere category and has Medium longevity.,,
Jean Paul Gaultier,Le Male Capitaine Collector,EDT,Aromatic Fougere,Male,Medium,Medium,3.0,Le Male Capitaine Collector by Jean Paul Gaultier is a EDT perfume designed for Male. It belongs to the Aromatic Fougere category and has Medium longevity.,,
Jean Paul Gaultier,Le Male On Board,EDT,Aromatic Fougere,Male,Medium,Medium,3.0,Le Male On Board by Jean Paul Gaultier is a EDT perfume designed for Male. It belongs to the Aromatic Fougere category and has Medium longevity.,,
Jean Paul Gaultier,Le Male Pride 2023,EDP,Amber Woody,Male,Strong,Strong,4.0,Le Male Pride 2023 by Jean Paul Gaultier is a EDP perfume designed for Male. It belongs to the Amber Woody category and has Strong longevity.,,
Jean Paul Gaultier,Le Male Pride 2024,EDP,Amber Woody,Male,Strong,Strong,4.0,Le Male Pride 2024 by Jean Paul Gaultier is a EDP perfume designed for Male. It belongs to the Amber Woody category and has Strong longevity.,,
Jean Paul Gaultier,Classique,EDP,Oriental Floral,Female,Strong,Strong,4.0,Classique by Jean Paul Gaultier is a EDP perfume designed for Female. It belongs to the Oriental Floral category and has Strong longevity.,,
Jean Paul Gaultier,Classique Intense,EDP,Oriental Floral,Female,Strong,Strong,4.0,Classique Intense by Jean Paul Gaultier is a EDP perfume designed for Female. It belongs to the Oriental Floral category and has Strong longevity.,,
Jean Paul Gaultier,Classique Essence de Parfum,Parfum,Oriental Floral,Female,Strong,Strong,4.0,Classique Essence de Parfum by Jean Paul Gaultier is a Parfum perfume designed for Female. It belongs to the Oriental Floral category and has Strong longevity.,,
Jean Paul Gaultier,Classique X,EDP,Oriental Floral,Female,Strong,Strong,4.0,Classique X by Jean Paul Gaultier is a EDP perfume designed for Female. It belongs to the Oriental Floral category and has Strong longevity.,,
Jean Paul Gaultier,Classique Collector,EDP,Oriental Floral,Female,Strong,Strong,4.0,Classique Collector by Jean Paul Gaultier is a EDP perfume designed for Female. It belongs to the Oriental Floral category and has Strong longevity.,,
Jean Paul Gaultier,Classique Eau de Parfum,EDP,Oriental Floral,Female,Strong,Strong,4.0,Classique Eau de Parfum by Jean Paul Gaultier is a EDP perfume designed for Female. It belongs to the Oriental Floral category and has Strong longevity.,,
Jean Paul Gaultier,Classique Eau de Toilette,EDT,Oriental Floral,Female,Medium,Medium,3.0,Classique Eau de Toilette by Jean Paul Gaultier is a EDT perfume designed for Female. It belongs to the Oriental Floral category and has Medium longevity.,,
Jean Paul Gaultier,Scandal,EDP,Floriental,Female,Strong,Strong,4.0,Scandal by Jean Paul Gaultier is a EDP perfume designed for Female. It belongs to the Floriental category and has Strong longevity.,"elegant, sensual","evening, date"
Jean Paul Gaultier,Scandal by Night,EDP,Floriental,Female,Strong,Strong,4.0,Scandal by Night by Jean Paul Gaultier is a EDP perfume designed for Female. It belongs to the Floriental category and has Strong longevity.,"elegant, sensual","evening, date"
Jean Paul Gaultier,Scandal A Paris,EDP,Floriental,Female,Strong,Strong,4.0,Scandal A Paris by Jean Paul Gaultier is a EDP perfume designed for Female. It belongs to the Floriental category and has Strong longevity.,"elegant, sensual","evening, date"
Jean Paul Gaultier,Scandal Le Parfum,Parfum,Floriental,Female,Strong,Strong,4.0,Scandal Le Parfum by Jean Paul Gaultier is a Parfum perfume designed for Female. It belongs to the Floriental category and has Strong longevity.,"elegant, sensual","evening, date"
Jean Paul Gaultier,Scandal Parfum Intense,Parfum,Floriental,Female,Strong,Strong,4.0,Scandal Parfum Intense by Jean Paul Gaultier is a Parfum perfume designed for Female. It belongs to the Floriental category and has Strong longevity.,"elegant, sensual","evening, date"
Jean Paul Gaultier,Scandal Absolu,Parfum,Floriental,Female,Strong,Strong,4.0,Scandal Absolu by Jean Paul Gaultier is a Parfum perfume designed for Female. It belongs to the Floriental category and has Strong longevity.,"elegant, sensual","evening, date"
Jean Paul Gaultier,Scandal Eau de Parfum,EDP,Floriental,Female,Strong,Strong,4.0,Scandal Eau de Parfum by Jean Paul Gaultier is a EDP perfume designed for Female. It belongs to the Floriental category and has Strong longevity.,"elegant, sensual","evening, date"
Jean Paul Gaultier,Scandal Eau de Toilette,EDT,Floriental,Female,Medium,Medium,3.0,Scandal Eau de Toilette by Jean Paul Gaultier is a EDT perfume designed for Female. It belongs to the Floriental category and has Medium longevity.,"elegant, sensual","evening, date"
Jean Paul Gaultier,Le Classique,EDP,Oriental Floral,Female,Strong,Strong,4.0,Le Classique by Jean Paul Gaultier is a EDP perfume designed for Female. It belongs to the Oriental Floral category and has Strong longevity.,,
Jean Paul Gaultier,Le Classique Essence de Parfum,Parfum,Oriental Floral,Female,Strong,Strong,4.0,Le Classique Essence de Parfum by Jean Paul Gaultier is a Parfum perfume designed for Female. It belongs to the Oriental Floral category and has Strong longevity.,,
Jean Paul Gaultier,Le Classique Eau de Parfum,EDP,Oriental Floral,Female,Strong,Strong,4.0,Le Classique Eau de Parfum by Jean Paul Gaultier is a EDP perfume designed for Female. It belongs to the Oriental Floral category and has Strong longevity.,,
Jean Paul Gaultier,Le Classique Eau de Toilette,EDT,Oriental Floral,Female,Medium,Medium,3.0,Le Classique Eau de Toilette by Jean Paul Gaultier is a EDT perfume designed for Female. It belongs to the Oriental Floral category and has Medium longevity.,,
Jean Paul Gaultier,Le Classique Collector,EDP,Oriental Floral,Female,Strong,Strong,4.0,Le Classique Collector by Jean Paul Gaultier is a EDP perfume designed for Female. It belongs to the Oriental Floral category and has Strong longevity.,,
Jean Paul Gaultier,Le Classique Intense,EDP,Oriental Floral,Female,Strong,Strong,4.0,Le Classique Intense by Jean Paul Gaultier is a EDP perfume designed for Female. It belongs to the Oriental Floral category and has Strong longevity.,,
Jean Paul Gaultier,Le Classique X,EDP,Oriental Floral,Female,Strong,Strong,4.0,Le Classique X by Jean Paul Gaultier is a EDP perfume designed for Female. It belongs to the Oriental Floral category and has Strong longevity.,,
Jean Paul Gaultier,Le Classique Eau Fraiche,EDT,Oriental Floral,Female,Light,Light,2.0,Le Classique Eau Fraiche by Jean Paul Gaultier is a EDT perfume designed for Female. It belongs to the Oriental Floral category and has Light longevity.,,
Jean Paul Gaultier,Le Classique Eau de Parfum,EDP,Oriental Floral,Female,Strong,Strong,4.0,Le Classique Eau de Parfum by Jean Paul Gaultier is a EDP perfume designed for Female. It belongs to the Oriental Floral category and has Strong longevity.,,
Jean Paul Gaultier,Le Classique Eau de Toilette,EDT,Oriental Floral,Female,Medium,Medium,3.0,Le Classique Eau de Toilette by Jean Paul Gaultier is a EDT perfume designed for Female. It belongs to the Oriental Floral category and has Medium longevity.,,
Jean Paul Gaultier,Le Classique Eau de Parfum,EDP,Oriental Floral,Female,Strong,Strong,4.0,Le Classique Eau de Parfum by Jean Paul Gaultier is a EDP perfume designed for Female. It belongs to the Oriental Floral category and has Strong longevity.,,
Jean Paul Gaultier,Le Classique Eau de Toilette,EDT,Oriental Floral,Female,Medium,Medium,3.0,Le Classique Eau de Toilette by Jean Paul Gaultier is a EDT perfume designed for Female. It belongs to the Oriental Floral category and has Medium longevity.,,
Jean Paul Gaultier,Le Classique Eau Fraiche,EDT,Oriental Floral,Female,Light,Light,2.0,Le Classique Eau Fraiche by Jean Paul Gaultier is a EDT perfume designed for Female. It belongs to the Oriental Floral category and has Light longevity.,,
Jean Paul Gaultier,Le Classique Eau de Parfum,EDP,Oriental Floral,Female,Strong,Strong,4.0,Le Classique Eau de Parfum by Jean Paul Gaultier is a EDP perfume designed for Female. It belongs to the Oriental Floral category and has Strong longevity.,,
Jean Paul Gaultier,Le Classique Eau de Toilette,EDT,Oriental Floral,Female,Medium,Medium,3.0,Le Classique Eau de Toilette by Jean Paul Gaultier is a EDT perfume designed for Female. It belongs to the Oriental Floral category and has Medium longevity.,,
Jean Paul Gaultier,Le Classique Eau Fraiche,EDT,Oriental Floral,Female,Light,Light,2.0,Le Classique Eau Fraiche by Jean Paul Gaultier is a EDT perfume designed for Female. It belongs to the Oriental Floral category and has Light longevity.,,
Jean Paul Gaultier,Le Classique Eau de Parfum,EDP,Oriental Floral,Female,Strong,Strong,4.0,Le Classique Eau de Parfum by Jean Paul Gaultier is a EDP perfume designed for Female. It belongs to the Oriental Floral category and has Strong longevity.,,
Jean Paul Gaultier,Le Classique Eau de Toilette,EDT,Oriental Floral,Female,Medium,Medium,3.0,Le Classique Eau de Toilette by Jean Paul Gaultier is a EDT perfume designed for Female. It belongs to the Oriental Floral category and has Medium longevity.,,
Jean Paul Gaultier,Le Classique Eau Fraiche,EDT,Oriental Floral,Female,Light,Light,2.0,Le Classique Eau Fraiche by Jean Paul Gaultier is a EDT perfume designed for Female. It belongs to the Oriental Floral category and has Light longevity.,,
Jean Paul Gaultier,Le Classique Eau de Parfum,EDP,Oriental Floral,Female,Strong,Strong,4.0,Le Classique Eau de Parfum by Jean Paul Gaultier is a EDP perfume designed for Female. It belongs to the Oriental Floral category and has Strong longevity.,,
Jean Paul Gaultier,Le Classique Eau de Toilette,EDT,Oriental Floral,Female,Medium,Medium,3.0,Le Classique Eau de Toilette by Jean Paul Gaultier is a EDT perfume designed for Female. It belongs to the Oriental Floral category and has Medium longevity.,,
Jean Paul Gaultier,Le Classique Eau Fraiche,EDT,Oriental Floral,Female,Light,Light,2.0,Le Classique Eau Fraiche by Jean Paul Gaultier is a EDT perfume designed for Female. It belongs to the Oriental Floral category and has Light longevity.,,
Jean Paul Gaultier,Le Classique Eau de Parfum,EDP,Oriental Floral,Female,Strong,Strong,4.0,Le Classique Eau de Parfum by Jean Paul Gaultier is a EDP perfume designed for Female. It belongs to the Oriental Floral category and has Strong longevity.,,
Jean Paul Gaultier,Le Classique Eau de Toilette,EDT,Oriental Floral,Female,Medium,Medium,3.0,Le Classique Eau de Toilette by Jean Paul Gaultier is a EDT perfume designed for Female. It belongs to the Oriental Floral category and has Medium longevity.,,
Jean Paul Gaultier,Le Classique Eau Fraiche,EDT,Oriental Floral,Female,Light,Light,2.0,Le Classique Eau Fraiche by Jean Paul Gaultier is a EDT perfume designed for Female. It belongs to the Oriental Floral category and has Light longevity.,,
Jean Paul Gaultier,Le Classique Eau de Parfum,EDP,Oriental Floral,Female,Strong,Strong,4.0,Le Classique Eau de Parfum by Jean Paul Gaultier is a EDP perfume designed for Female. It belongs to the Oriental Floral category and has Strong longevity.,,
Jean Paul Gaultier,Le Classique Eau de Toilette,EDT,Oriental Floral,Female,Medium,Medium,3.0,Le Classique Eau de Toilette by Jean Paul Gaultier is a EDT perfume designed for Female. It belongs to the Oriental Floral category and has Medium longevity.,,
Jean Paul Gaultier,Le Classique Eau Fraiche,EDT,Oriental Floral,Female,Light,Light,2.0,Le Classique Eau Fraiche by Jean Paul Gaultier is a EDT perfume designed for Female. It belongs to the Oriental Floral category and has Light longevity.,,
Jean Paul Gaultier,Le Classique Eau de Parfum,EDP,Oriental Floral,Female,Strong,Strong,4.0,Le Classique Eau de Parfum by Jean Paul Gaultier is a EDP perfume designed for Female. It belongs to the Oriental Floral category and has Strong longevity.,,
Jean Paul Gaultier,Le Classique Eau de Toilette,EDT,Oriental Floral,Female,Medium,Medium,3.0,Le Classique Eau de Toilette by Jean Paul Gaultier is a EDT perfume designed for Female. It belongs to the Oriental Floral category and has Medium longevity.,,
Jean Paul Gaultier,Le Classique Eau Fraiche,EDT,Oriental Floral,Female,Light,Light,2.0,Le Classique Eau Fraiche by Jean Paul Gaultier is a EDT perfume designed for Female. It belongs to the Oriental Floral category and has Light longevity.,,
Jean Paul Gaultier,Le Classique Eau de Parfum,EDP,Oriental Floral,Female,Strong,Strong,4.0,Le Classique Eau de Parfum by Jean Paul Gaultier is a EDP perfume designed for Female. It belongs to the Oriental Floral category and has Strong longevity.,,
Jean Paul Gaultier,Le Classique Eau de Toilette,EDT,Oriental Floral,Female,Medium,Medium,3.0,Le Classique Eau de Toilette by Jean Paul Gaultier is a EDT perfume designed for Female. It belongs to the Oriental Floral category and has Medium longevity.,,
Jean Paul Gaultier,Le Classique Eau Fraiche,EDT,Oriental Floral,Female,Light,Light,2.0,Le Classique Eau Fraiche by Jean Paul Gaultier is a EDT perfume designed for Female. It belongs to the Oriental Floral category and has Light longevity.,,
Jean Paul Gaultier,Le Classique Eau de Parfum,EDP,Oriental Floral,Female,Strong,Strong,4.0,Le Classique Eau de Parfum by Jean Paul Gaultier is a EDP perfume designed for Female. It belongs to the Oriental Floral category and has Strong longevity.,,
Jean Paul Gaultier,Le Classique Eau de Toilette,EDT,Oriental Floral,Female,Medium,Medium,3.0,Le Classique Eau de Toilette by Jean Paul Gaultier is a EDT perfume designed for Female. It belongs to the Oriental Floral category and has Medium longevity.,,
Jean Paul Gaultier,Le Classique Eau Fraiche,EDT,Oriental Floral,Female,Light,Light,2.0,Le Classique Eau Fraiche by Jean Paul Gaultier is a EDT perfume designed for Female. It belongs to the Oriental Floral category and has Light longevity.,,
Jean Paul Gaultier,Le Classique Eau de Parfum,EDP,Oriental Floral,Female,Strong,Strong,4.0,Le Classique Eau de Parfum by Jean Paul Gaultier is a EDP perfume designed for Female. It belongs to the Oriental Floral category and has Strong longevity.,,
Jean Paul Gaultier,Le Classique Eau de Toilette,EDT,Oriental Floral,Female,Medium,Medium,3.0,Le Classique Eau de Toilette by Jean Paul Gaultier is a EDT perfume designed for Female. It belongs to the Oriental Floral category and has Medium longevity.,,
Jean Paul Gaultier,Le Classique Eau Fraiche,EDT,Oriental Floral,Female,Light,Light,2.0,Le Classique Eau Fraiche by Jean Paul Gaultier is a EDT perfume designed for Female. It belongs to the Oriental Floral category and has Light longevity.,,
Jean Paul Gaultier,Le Classique Eau de Parfum,EDP,Oriental Floral,Female,Strong,Strong,4.0,Le Classique Eau de Parfum by Jean Paul Gaultier is a EDP perfume designed for Female. It belongs to the Oriental Floral category and has Strong longevity.,,
Jean Paul Gaultier,Le Classique Eau de Toilette,EDT,Oriental Floral,Female,Medium,Medium,3.0,Le Classique Eau de Toilette by Jean Paul Gaultier is a EDT perfume designed for Female. It belongs to the Oriental Floral category and has Medium longevity.,,
Jean Paul Gaultier,Le Classique Eau Fraiche,EDT,Oriental Floral,Female,Light,Light,2.0,Le Classique Eau Fraiche by Jean Paul Gaultier is a EDT perfume designed for Female. It belongs to the Oriental Floral category and has Light longevity.,,
Jean Paul Gaultier,Le Classique Eau de Parfum,EDP,Oriental Floral,Female,Strong,Strong,4.0,Le Classique Eau de Parfum by Jean Paul Gaultier is a EDP perfume designed for Female. It belongs to the Oriental Floral category and has Strong longevity.,,
Jean Paul Gaultier,Le Classique Eau de Toilette,EDT,Oriental Floral,Female,Medium,Medium,3.0,Le Classique Eau de Toilette by Jean Paul Gaultier is a EDT perfume designed for Female. It belongs to the Oriental Floral category and has Medium longevity.,,
Jean Paul Gaultier,Le Classique Eau Fraiche,EDT,Oriental Floral,Female,Light,Light,2.0,Le Classique Eau Fraiche by Jean Paul Gaultier is a EDT perfume designed for Female. It belongs to the Oriental Floral category and has Light longevity.,,
Jean Paul Gaultier,Le Classique Eau de Parfum,EDP,Oriental Floral,Female,Strong,Strong,4.0,Le Classique Eau de Parfum by Jean Paul Gaultier is a EDP perfume designed for Female. It belongs to the Oriental Floral category and has Strong longevity.,,
Jean Paul Gaultier,Le Classique Eau de Toilette,EDT,Oriental Floral,Female,Medium,Medium,3.0,Le Classique Eau de Toilette by Jean Paul Gaultier is a EDT perfume designed for Female. It belongs to the Oriental Floral category and has Medium longevity.,,
Jean Paul Gaultier,Le Classique Eau Fraiche,EDT,Oriental Floral,Female,Light,Light,2.0,Le Classique Eau Fraiche by Jean Paul Gaultier is a EDT perfume designed for Female. It belongs to the Oriental Floral category and has Light longevity.,,
Jean Paul Gaultier,Le Classique Eau de Parfum,EDP,Oriental Floral,Female,Strong,Strong,4.0,Le Classique Eau de Parfum by Jean Paul Gaultier is a EDP perfume designed for Female. It belongs to the Oriental Floral category and has Strong longevity.,,
Jean Paul Gaultier,Le Classique Eau de Toilette,EDT,Oriental Floral,Female,Medium,Medium,3.0,Le Classique Eau de Toilette by Jean Paul Gaultier is a EDT perfume designed for Female. It belongs to the Oriental Floral category and has Medium longevity.,,
Jean Paul Gaultier,Le Classique Eau Fraiche,EDT,Oriental Floral,Female,Light,Light,2.0,Le Classique Eau Fraiche by Jean Paul Gaultier is a EDT perfume designed for Female. It belongs to the Oriental Floral category and has Light longevity.,,
Jean Paul Gaultier,Le Classique Eau de Parfum,EDP,Oriental Floral,Female,Strong,Strong,4.0,Le Classique Eau de Parfum by Jean Paul Gaultier is a EDP perfume designed for Female. It belongs to the Oriental Floral category and has Strong longevity.,,
Jean Paul Gaultier,Le Classique Eau de Toilette,EDT,Oriental Floral,Female,Medium,Medium,3.0,Le Classique Eau de Toilette by Jean Paul Gaultier is a EDT perfume designed for Female. It belongs to the Oriental Floral category and has Medium longevity.,,
Jean Paul Gaultier,Le Classique Eau Fraiche,EDT,Oriental Floral,Female,Light,Light,2.0,Le Classique Eau Fraiche by Jean Paul Gaultier is a EDT perfume designed for Female. It belongs to the Oriental Floral category and has Light longevity.,,
Jean Paul Gaultier,Le Classique Eau de Parfum,EDP,Oriental Floral,Female,Strong,Strong,4.0,Le Classique Eau de Parfum by Jean Paul Gaultier is a EDP perfume designed for Female. It belongs to the Oriental Floral category and has Strong longevity.,,
Jean Paul Gaultier,Le Classique Eau de Toilette,EDT,Oriental Floral,Female,Medium,Medium,3.0,Le Classique Eau de Toilette by Jean Paul Gaultier is a EDT perfume designed for Female. It belongs to the Oriental Floral category and has Medium longevity.,,
Jean Paul Gaultier,Le Classique Eau Fraiche,EDT,Oriental Floral,Female,Light,Light,2.0,Le Classique Eau Fraiche by Jean Paul Gaultier is a EDT perfume designed for Female. It belongs to the Oriental Floral category and has Light longevity.,,
Jean Paul Gaultier,Le Classique Eau de Parfum,EDP,Oriental Floral,Female,Strong,Strong,4.0,Le Classique Eau de Parfum by Jean Paul Gaultier is a EDP perfume designed for Female. It belongs to the Oriental Floral category and has Strong longevity.,,
Jean Paul Gaultier,Le Classique Eau de Toilette,EDT,Oriental Floral,Female,Medium,Medium,3.0,Le Classique Eau de Toilette by Jean Paul Gaultier is a EDT perfume designed for Female. It belongs to the Oriental Floral category and has Medium longevity.,,
Jean Paul Gaultier,Le Classique Eau Fraiche,EDT,Oriental Floral,Female,Light,Light,2.0,Le Classique Eau Fraiche by Jean Paul Gaultier is a EDT perfume designed for Female. It belongs to the Oriental Floral category and has Light longevity.,,
Jean Paul Gaultier,Le Classique Eau de Parfum,EDP,Oriental Floral,Female,Strong,Strong,4.0,Le Classique Eau de Parfum by Jean Paul Gaultier is a EDP perfume designed for Female. It belongs to the Oriental Floral category and has Strong longevity.,,
Jean Paul Gaultier,Le Classique Eau de Toilette,EDT,Oriental Floral,Female,Medium,Medium,3.0,Le Classique Eau de Toilette by Jean Paul Gaultier is a EDT perfume designed for Female. It belongs to the Oriental Floral category and has Medium longevity.,,
Jean Paul Gaultier,Le Classique Eau Fraiche,EDT,Oriental Floral,Female,Light,Light,2.0,Le Classique Eau Fraiche by Jean Paul Gaultier is a EDT perfume designed for Female. It belongs to the Oriental Floral category and has Light longevity.,,
Jean Paul Gaultier,Le Classique Eau de Parfum,EDP,Oriental Floral,Female,Strong,Strong,4.0,Le Classique Eau de Parfum by Jean Paul Gaultier is a EDP perfume designed for Female. It belongs to the Oriental Floral category and has Strong longevity.,,
Dior,Sauvage EDT,EDT,Aromatic Fougere,Male,Strong,Strong,4.0,Sauvage EDT by Dior is a EDT perfume designed for Male. It belongs to the Aromatic Fougere category and has Strong longevity.,,
Dior,Sauvage EDP,EDP,Aromatic Fougere,Male,Very Strong,Very Strong,5.0,Sauvage EDP by Dior is a EDP perfume designed for Male. It belongs to the Aromatic Fougere category and has Very Strong longevity.,,
Dior,Sauvage Parfum,Parfum,Aromatic Fougere,Male,Very Strong,Very Strong,5.0,Sauvage Parfum by Dior is a Parfum perfume designed for Male. It belongs to the Aromatic Fougere category and has Very Strong longevity.,,
Dior,Sauvage Elixir,Parfum,Aromatic Fougere,Male,Very Strong,Very Strong,5.0,Sauvage Elixir by Dior is a Parfum perfume designed for Male. It belongs to the Aromatic Fougere category and has Very Strong longevity.,,
Dior,Homme Intense,EDP,Floriental,Male,Strong,Strong,4.0,Homme Intense by Dior is a EDP perfume designed for Male. It belongs to the Floriental category and has Strong longevity.,"elegant, sensual","evening, date"
Dior,Homme Parfum,Parfum,Floriental,Male,Strong,Strong,4.0,Homme Parfum by Dior is a Parfum perfume designed for Male. It belongs to the Floriental category and has Strong longevity.,"elegant, sensual","evening, date"
Dior,J'adore EDP,EDP,Floriental,Female,Medium,Medium,3.0,J'adore EDP by Dior is a EDP perfume designed for Female. It belongs to the Floriental category and has Medium longevity.,"elegant, sensual","evening, date"
Dior,J'adore EDT,EDT,Floriental,Female,Medium,Medium,3.0,J'adore EDT by Dior is a EDT perfume designed for Female. It belongs to the Floriental category and has Medium longevity.,"elegant, sensual","evening, date"
Dior,J'adore Parfum d'Eau,EDP,Floriental,Female,Light,Light,2.0,J'adore Parfum d'Eau by Dior is a EDP perfume designed for Female. It belongs to the Floriental category and has Light longevity.,"elegant, sensual","evening, date"
Dior,Addict EDP,EDP,Oriental Spicy,Female,Strong,Strong,4.0,Addict EDP by Dior is a EDP perfume designed for Female. It belongs to the Oriental Spicy category and has Strong longevity.,"bold, confident","party, special events"
Dior,Addict EDT,EDT,Oriental Spicy,Female,Medium,Medium,3.0,Addict EDT by Dior is a EDT perfume designed for Female. It belongs to the Oriental Spicy category and has Medium longevity.,"bold, confident","party, special events"
Dior,Miss Dior EDP,EDP,Floriental,Female,Medium,Medium,3.0,Miss Dior EDP by Dior is a EDP perfume designed for Female. It belongs to the Floriental category and has Medium longevity.,"elegant, sensual","evening, date"
Dior,Miss Dior EDT,EDT,Floriental,Female,Medium,Medium,3.0,Miss Dior EDT by Dior is a EDT perfume designed for Female. It belongs to the Floriental category and has Medium longevity.,"elegant, sensual","evening, date"
Dior,Gris Dior,EDP,Woody Floral,Unisex,Medium,Medium,3.0,Gris Dior by Dior is a EDP perfume designed for Unisex. It belongs to the Woody Floral category and has Medium longevity.,"soft, warm","date, dinner"
Dior,Eau Noire,EDP,Woody Aromatic,Unisex,Medium,Medium,3.0,Eau Noire by Dior is a EDP perfume designed for Unisex. It belongs to the Woody Aromatic category and has Medium longevity.,"relaxing, grounded","casual, work"
Dior,Fahrenheit,EDT,Leather,Unisex,Strong,Strong,4.0,Fahrenheit by Dior is a EDT perfume designed for Unisex. It belongs to the Leather category and has Strong longevity.,,
Dior,Fahrenheit Parfum,Parfum,Leather,Unisex,Very Strong,Very Strong,5.0,Fahrenheit Parfum by Dior is a Parfum perfume designed for Unisex. It belongs to the Leather category and has Very Strong longevity.,,
Dior,Poison,EDT,Oriental Spicy,Female,Strong,Strong,4.0,Poison by Dior is a EDT perfume designed for Female. It belongs to the Oriental Spicy category and has Strong longevity.,"bold, confident","party, special events"
Dior,Poison EDP,EDP,Oriental Spicy,Female,Very Strong,Very Strong,5.0,Poison EDP by Dior is a EDP perfume designed for Female. It belongs to the Oriental Spicy category and has Very Strong longevity.,"bold, confident","party, special events"
Dior,Poison Girl EDP,EDP,Floriental,Female,Medium,Medium,3.0,Poison Girl EDP by Dior is a EDP perfume designed for Female. It belongs to the Floriental category and has Medium longevity.,"elegant, sensual","evening, date"
Dior,Poison Girl EDT,EDT,Floriental,Female,Medium,Medium,3.0,Poison Girl EDT by Dior is a EDT perfume designed for Female. It belongs to the Floriental category and has Medium longevity.,"elegant, sensual","evening, date"
Dior,Joy EDP,EDP,Floriental,Female,Medium,Medium,3.0,Joy EDP by Dior is a EDP perfume designed for Female. It belongs to the Floriental category and has Medium longevity.,"elegant, sensual","evening, date"
Dior,Joy Intense EDP,EDP,Floriental,Female,Medium,Medium,3.0,Joy Intense EDP by Dior is a EDP perfume designed for Female. It belongs to the Floriental category and has Medium longevity.,"elegant, sensual","evening, date"
Dior,Gris Dior,EDP,Woody Floral,Unisex,Medium,Medium,3.0,Gris Dior by Dior is a EDP perfume designed for Unisex. It belongs to the Woody Floral category and has Medium longevity.,"soft, warm","date, dinner"
Dior,Leather Oud,EDP,Leather,Unisex,Strong,Strong,4.0,Leather Oud by Dior is a EDP perfume designed for Unisex. It belongs to the Leather category and has Strong longevity.,,
Dior,Ambre Nuit,EDP,Amber,Unisex,Strong,Strong,4.0,Ambre Nuit by Dior is a EDP perfume designed for Unisex. It belongs to the Amber category and has Strong longevity.,,
Dior,Patchouli Imperial,EDP,Woody Chypre,Unisex,Strong,Strong,4.0,Patchouli Imperial by Dior is a EDP perfume designed for Unisex. It belongs to the Woody Chypre category and has Strong longevity.,,
Dior,Feve Delicieuse,EDP,Gourmand,Unisex,Strong,Strong,4.0,Feve Delicieuse by Dior is a EDP perfume designed for Unisex. It belongs to the Gourmand category and has Strong longevity.,"playful, sweet","dessert, casual"
Dior,Vanilla Diorama,EDP,Gourmand,Unisex,Strong,Strong,4.0,Vanilla Diorama by Dior is a EDP perfume designed for Unisex. It belongs to the Gourmand category and has Strong longevity.,"playful, sweet","dessert, casual"
Yves Saint Laurent,Libre EDP,EDP,Floral Amber,Female,Strong,Strong,4.0,Libre EDP by Yves Saint Laurent is a EDP perfume designed for Female. It belongs to the Floral Amber category and has Strong longevity.,,
Yves Saint Laurent,Libre Intense EDP,EDP,Floral Amber,Female,Very Strong,Very Strong,5.0,Libre Intense EDP by Yves Saint Laurent is a EDP perfume designed for Female. It belongs to the Floral Amber category and has Very Strong longevity.,,
Yves Saint Laurent,Libre L'Eau Nue EDP,EDP,Floral,Female,Medium,Medium,3.0,Libre L'Eau Nue EDP by Yves Saint Laurent is a EDP perfume designed for Female. It belongs to the Floral category and has Medium longevity.,,
Yves Saint Laurent,Mon Paris EDP,EDP,Floriental,Female,Medium,Medium,3.0,Mon Paris EDP by Yves Saint Laurent is a EDP perfume designed for Female. It belongs to the Floriental category and has Medium longevity.,"elegant, sensual","evening, date"
Yves Saint Laurent,Mon Paris Intensement EDP,EDP,Floriental,Female,Strong,Strong,4.0,Mon Paris Intensement EDP by Yves Saint Laurent is a EDP perfume designed for Female. It belongs to the Floriental category and has Strong longevity.,"elegant, sensual","evening, date"
Yves Saint Laurent,Black Opium EDP,EDP,Ambery Gourmand,Female,Strong,Strong,4.0,Black Opium EDP by Yves Saint Laurent is a EDP perfume designed for Female. It belongs to the Ambery Gourmand category and has Strong longevity.,,
Yves Saint Laurent,Black Opium Intense EDP,EDP,Ambery Gourmand,Female,Very Strong,Very Strong,5.0,Black Opium Intense EDP by Yves Saint Laurent is a EDP perfume designed for Female. It belongs to the Ambery Gourmand category and has Very Strong longevity.,,
Yves Saint Laurent,Y EDP,EDP,Aromatic Fougere,Male,Strong,Strong,4.0,Y EDP by Yves Saint Laurent is a EDP perfume designed for Male. It belongs to the Aromatic Fougere category and has Strong longevity.,,
Yves Saint Laurent,Y Eau Fraiche EDT,EDT,Fruity Aromatic,Male,Medium,Medium,3.0,Y Eau Fraiche EDT by Yves Saint Laurent is a EDT perfume designed for Male. It belongs to the Fruity Aromatic category and has Medium longevity.,,
Yves Saint Laurent,Y Le Parfum,Parfum,Aromatic Fougere,Male,Very Strong,Very Strong,5.0,Y Le Parfum by Yves Saint Laurent is a Parfum perfume designed for Male. It belongs to the Aromatic Fougere category and has Very Strong longevity.,,
Yves Saint Laurent,L'Homme EDP,EDP,Woody Spicy,Male,Strong,Strong,4.0,L'Homme EDP by Yves Saint Laurent is a EDP perfume designed for Male. It belongs to the Woody Spicy category and has Strong longevity.,"strong, confident","evening, dinner"
Yves Saint Laurent,L'Homme Parfum Intense EDP,EDP,Woody Spicy,Male,Very Strong,Very Strong,5.0,L'Homme Parfum Intense EDP by Yves Saint Laurent is a EDP perfume designed for Male. It belongs to the Woody Spicy category and has Very Strong longevity.,"strong, confident","evening, dinner"
Yves Saint Laurent,L'Homme Ultime EDP,EDP,Woody Spicy,Male,Strong,Strong,4.0,L'Homme Ultime EDP by Yves Saint Laurent is a EDP perfume designed for Male. It belongs to the Woody Spicy category and has Strong longevity.,"strong, confident","evening, dinner"
Yves Saint Laurent,L'Homme Le Parfum,Parfum,Woody Spicy,Male,Very Strong,Very Strong,5.0,L'Homme Le Parfum by Yves Saint Laurent is a Parfum perfume designed for Male. It belongs to the Woody Spicy category and has Very Strong longevity.,"strong, confident","evening, dinner"
Yves Saint Laurent,La Nuit de L'Homme EDP,EDP,Woody Spicy,Male,Strong,Strong,4.0,La Nuit de L'Homme EDP by Yves Saint Laurent is a EDP perfume designed for Male. It belongs to the Woody Spicy category and has Strong longevity.,"strong, confident","evening, dinner"
Yves Saint Laurent,La Nuit de L'Homme Parfum,Parfum,Woody Spicy,Male,Very Strong,Very Strong,5.0,La Nuit de L'Homme Parfum by Yves Saint Laurent is a Parfum perfume designed for Male. It belongs to the Woody Spicy category and has Very Strong longevity.,"strong, confident","evening, dinner"
Yves Saint Laurent,La Nuit de L'Homme L'Intense EDP,EDP,Woody Spicy,Male,Strong,Strong,4.0,La Nuit de L'Homme L'Intense EDP by Yves Saint Laurent is a EDP perfume designed for Male. It belongs to the Woody Spicy category and has Strong longevity.,"strong, confident","evening, dinner"
Dolce & Gabbana,The One EDP,EDP,Amber Floral,Female,Medium,Medium,3.0,The One EDP by Dolce & Gabbana is a EDP perfume designed for Female. It belongs to the Amber Floral category and has Medium longevity.,,
Dolce & Gabbana,The One EDP Intense,EDP,Amber Floral,Female,Strong,Strong,4.0,The One EDP Intense by Dolce & Gabbana is a EDP perfume designed for Female. It belongs to the Amber Floral category and has Strong longevity.,,
Dolce & Gabbana,The Only One EDP,EDP,Floriental,Female,Medium,Medium,3.0,The Only One EDP by Dolce & Gabbana is a EDP perfume designed for Female. It belongs to the Floriental category and has Medium longevity.,"elegant, sensual","evening, date"
Dolce & Gabbana,The Only One 2 EDP,EDP,Floriental,Female,Medium,Medium,3.0,The Only One 2 EDP by Dolce & Gabbana is a EDP perfume designed for Female. It belongs to the Floriental category and has Medium longevity.,"elegant, sensual","evening, date"
Dolce & Gabbana,Devotion EDP,EDP,Floriental,Female,Strong,Strong,4.0,Devotion EDP by Dolce & Gabbana is a EDP perfume designed for Female. It belongs to the Floriental category and has Strong longevity.,"elegant, sensual","evening, date"
Dolce & Gabbana,Devotion EDP Intense,EDP,Floriental,Female,Strong,Strong,4.0,Devotion EDP Intense by Dolce & Gabbana is a EDP perfume designed for Female. It belongs to the Floriental category and has Strong longevity.,"elegant, sensual","evening, date"
Dolce & Gabbana,Light Blue EDT,EDT,Fruity Floral,Female,Medium,Medium,3.0,Light Blue EDT by Dolce & Gabbana is a EDT perfume designed for Female. It belongs to the Fruity Floral category and has Medium longevity.,"sweet, cheerful","daytime, brunch"
Dolce & Gabbana,Light Blue EDP,EDP,Fruity Floral,Female,Medium,Medium,3.0,Light Blue EDP by Dolce & Gabbana is a EDP perfume designed for Female. It belongs to the Fruity Floral category and has Medium longevity.,"sweet, cheerful","daytime, brunch"
Dolce & Gabbana,Light Blue Eau Intense EDP,EDP,Fruity Floral,Female,Strong,Strong,4.0,Light Blue Eau Intense EDP by Dolce & Gabbana is a EDP perfume designed for Female. It belongs to the Fruity Floral category and has Strong longevity.,"sweet, cheerful","daytime, brunch"
Dolce & Gabbana,Light Blue Forever EDP,EDP,Fruity Floral,Female,Strong,Strong,4.0,Light Blue Forever EDP by Dolce & Gabbana is a EDP perfume designed for Female. It belongs to the Fruity Floral category and has Strong longevity.,"sweet, cheerful","daytime, brunch"
Dolce & Gabbana,Pour Homme EDT,EDT,Woody Aromatic,Male,Strong,Strong,4.0,Pour Homme EDT by Dolce & Gabbana is a EDT perfume designed for Male. It belongs to the Woody Aromatic category and has Strong longevity.,"relaxing, grounded","casual, work"
Dolce & Gabbana,Pour Homme Intenso EDP,EDP,Woody Aromatic,Male,Strong,Strong,4.0,Pour Homme Intenso EDP by Dolce & Gabbana is a EDP perfume designed for Male. It belongs to the Woody Aromatic category and has Strong longevity.,"relaxing, grounded","casual, work"
Dolce & Gabbana,The One for Men EDP,EDP,Amber Spicy,Male,Medium,Medium,3.0,The One for Men EDP by Dolce & Gabbana is a EDP perfume designed for Male. It belongs to the Amber Spicy category and has Medium longevity.,,
Dolce & Gabbana,The One for Men EDP Intense,EDP,Amber Spicy,Male,Strong,Strong,4.0,The One for Men EDP Intense by Dolce & Gabbana is a EDP perfume designed for Male. It belongs to the Amber Spicy category and has Strong longevity.,,
Dolce & Gabbana,The One for Men Parfum,Parfum,Amber Spicy,Male,Strong,Strong,4.0,The One for Men Parfum by Dolce & Gabbana is a Parfum perfume designed for Male. It belongs to the Amber Spicy category and has Strong longevity.,,
Dolce & Gabbana,K by Dolce&Gabbana EDP,EDP,Woody Spicy,Male,Medium,Medium,3.0,K by Dolce&Gabbana EDP by Dolce & Gabbana is a EDP perfume designed for Male. It belongs to the Woody Spicy category and has Medium longevity.,"strong, confident","evening, dinner"
Dolce & Gabbana,K by Dolce&Gabbana Intenso EDP,EDP,Woody Spicy,Male,Strong,Strong,4.0,K by Dolce&Gabbana Intenso EDP by Dolce & Gabbana is a EDP perfume designed for Male. It belongs to the Woody Spicy category and has Strong longevity.,"strong, confident","evening, dinner"
Dolce & Gabbana,Light Blue Pour Homme EDT,EDT,Fruity Aromatic,Male,Medium,Medium,3.0,Light Blue Pour Homme EDT by Dolce & Gabbana is a EDT perfume designed for Male. It belongs to the Fruity Aromatic category and has Medium longevity.,,
Dolce & Gabbana,Light Blue Intense Pour Homme EDP,EDP,Fruity Aromatic,Male,Strong,Strong,4.0,Light Blue Intense Pour Homme EDP by Dolce & Gabbana is a EDP perfume designed for Male. It belongs to the Fruity Aromatic category and has Strong longevity.,,
Azzaro,Chrome EDT,EDT,Aromatic Fougere,Unisex,Medium,Medium,3.0,Chrome EDT by Azzaro is a EDT perfume designed for Unisex. It belongs to the Aromatic Fougere category and has Medium longevity.,,
Azzaro,Chrome Intense EDT,EDT,Aromatic Fougere,Unisex,Medium,Medium,3.0,Chrome Intense EDT by Azzaro is a EDT perfume designed for Unisex. It belongs to the Aromatic Fougere category and has Medium longevity.,,
Azzaro,Chrome Aqua EDT,EDT,Aromatic Fougere,Unisex,Medium,Medium,3.0,Chrome Aqua EDT by Azzaro is a EDT perfume designed for Unisex. It belongs to the Aromatic Fougere category and has Medium longevity.,,
Azzaro,Chrome Extreme EDT,EDT,Aromatic Fougere,Unisex,Medium,Medium,3.0,Chrome Extreme EDT by Azzaro is a EDT perfume designed for Unisex. It belongs to the Aromatic Fougere category and has Medium longevity.,,
Azzaro,Chrome Azure EDT,EDT,Aromatic Fougere,Unisex,Medium,Medium,3.0,Chrome Azure EDT by Azzaro is a EDT perfume designed for Unisex. It belongs to the Aromatic Fougere category and has Medium longevity.,,
Azzaro,Chrome Legend EDT,EDT,Aromatic Fougere,Unisex,Medium,Medium,3.0,Chrome Legend EDT by Azzaro is a EDT perfume designed for Unisex. It belongs to the Aromatic Fougere category and has Medium longevity.,,
Azzaro,Chrome Sport EDT,EDT,Aromatic Fougere,Unisex,Medium,Medium,3.0,Chrome Sport EDT by Azzaro is a EDT perfume designed for Unisex. It belongs to the Aromatic Fougere category and has Medium longevity.,,
Azzaro,Chrome Pure EDT,EDT,Aromatic Fougere,Unisex,Medium,Medium,3.0,Chrome Pure EDT by Azzaro is a EDT perfume designed for Unisex. It belongs to the Aromatic Fougere category and has Medium longevity.,,
Azzaro,Chrome United EDT,EDT,Aromatic Fougere,Unisex,Medium,Medium,3.0,Chrome United EDT by Azzaro is a EDT perfume designed for Unisex. It belongs to the Aromatic Fougere category and has Medium longevity.,,
Azzaro,Chrome Pure Sport EDT,EDT,Aromatic Fougere,Unisex,Medium,Medium,3.0,Chrome Pure Sport EDT by Azzaro is a EDT perfume designed for Unisex. It belongs to the Aromatic Fougere category and has Medium longevity.,,
Azzaro,Wanted EDT,EDT,Woody Spicy,Male,Medium,Medium,3.0,Wanted EDT by Azzaro is a EDT perfume designed for Male. It belongs to the Woody Spicy category and has Medium longevity.,"strong, confident","evening, dinner"
Azzaro,Wanted by Night EDT,EDT,Woody Spicy,Male,Strong,Strong,4.0,Wanted by Night EDT by Azzaro is a EDT perfume designed for Male. It belongs to the Woody Spicy category and has Strong longevity.,"strong, confident","evening, dinner"
Azzaro,Wanted Eau de Parfum EDP,EDP,Woody Spicy,Male,Medium,Medium,3.0,Wanted Eau de Parfum EDP by Azzaro is a EDP perfume designed for Male. It belongs to the Woody Spicy category and has Medium longevity.,"strong, confident","evening, dinner"
Azzaro,Wanted Freeride EDT,EDT,Woody Spicy,Male,Medium,Medium,3.0,Wanted Freeride EDT by Azzaro is a EDT perfume designed for Male. It belongs to the Woody Spicy category and has Medium longevity.,"strong, confident","evening, dinner"
Azzaro,Wanted Tonic EDT,EDT,Citrus Aromatic,Male,Medium,Medium,3.0,Wanted Tonic EDT by Azzaro is a EDT perfume designed for Male. It belongs to the Citrus Aromatic category and has Medium longevity.,,
Azzaro,The Most Wanted Parfum,Parfum,Amber Spicy,Male,Strong,Strong,4.0,The Most Wanted Parfum by Azzaro is a Parfum perfume designed for Male. It belongs to the Amber Spicy category and has Strong longevity.,,
Azzaro,The Most Wanted Intense EDP,EDP,Amber Spicy,Male,Very Strong,Very Strong,5.0,The Most Wanted Intense EDP by Azzaro is a EDP perfume designed for Male. It belongs to the Amber Spicy category and has Very Strong longevity.,,
Azzaro,The Most Wanted Eau de Parfum EDP,EDP,Amber Spicy,Male,Strong,Strong,4.0,The Most Wanted Eau de Parfum EDP by Azzaro is a EDP perfume designed for Male. It belongs to the Amber Spicy category and has Strong longevity.,,
Azzaro,Forever Wanted Elixir EDP,EDP,Amber Woody,Male,Strong,Strong,4.0,Forever Wanted Elixir EDP by Azzaro is a EDP perfume designed for Male. It belongs to the Amber Woody category and has Strong longevity.,,
Azzaro,Pour Homme EDT,EDT,Woody Aromatic,Male,Medium,Medium,3.0,Pour Homme EDT by Azzaro is a EDT perfume designed for Male. It belongs to the Woody Aromatic category and has Medium longevity.,"relaxing, grounded","casual, work"
Azzaro,Pour Homme Intense EDP,EDP,Woody Aromatic,Male,Strong,Strong,4.0,Pour Homme Intense EDP by Azzaro is a EDP perfume designed for Male. It belongs to the Woody Aromatic category and has Strong longevity.,"relaxing, grounded","casual, work"
Azzaro,Pour Homme Edition Noire EDP,EDP,Woody Aromatic,Male,Strong,Strong,4.0,Pour Homme Edition Noire EDP by Azzaro is a EDP perfume designed for Male. It belongs to the Woody Aromatic category and has Strong longevity.,"relaxing, grounded","casual, work"
Azzaro,Pour Elle EDP,EDP,Floriental,Female,Medium,Medium,3.0,Pour Elle EDP by Azzaro is a EDP perfume designed for Female. It belongs to the Floriental category and has Medium longevity.,"elegant, sensual","evening, date"
Azzaro,Pour Elle L'Eau Tres Belle EDT,EDT,Floriental,Female,Medium,Medium,3.0,Pour Elle L'Eau Tres Belle EDT by Azzaro is a EDT perfume designed for Female. It belongs to the Floriental category and has Medium longevity.,"elegant, sensual","evening, date"
Azzaro,Pour Elle L'Eau Tres Florale EDT,EDT,Floriental,Female,Medium,Medium,3.0,Pour Elle L'Eau Tres Florale EDT by Azzaro is a EDT perfume designed for Female. It belongs to the Floriental category and has Medium longevity.,"elegant, sensual","evening, date"
Azzaro,Mademoiselle EDT,EDT,Floriental,Female,Medium,Medium,3.0,Mademoiselle EDT by Azzaro is a EDT perfume designed for Female. It belongs to the Floriental category and has Medium longevity.,"elegant, sensual","evening, date"
Azzaro,Mademoiselle L'Eau Tres Belle EDT,EDT,Floriental,Female,Medium,Medium,3.0,Mademoiselle L'Eau Tres Belle EDT by Azzaro is a EDT perfume designed for Female. It belongs to the Floriental category and has Medium longevity.,"elegant, sensual","evening, date"
Azzaro,Mademoiselle L'Eau Tres Florale EDT,EDT,Floriental,Female,Medium,Medium,3.0,Mademoiselle L'Eau Tres Florale EDT by Azzaro is a EDT perfume designed for Female. It belongs to the Floriental category and has Medium longevity.,"elegant, sensual","evening, date"
Azzaro,Hot Pepper EDT,EDT,Spicy,Female,Medium,Medium,3.0,Hot Pepper EDT by Azzaro is a EDT perfume designed for Female. It belongs to the Spicy category and has Medium longevity.,,
Azzaro,Fun EDT,EDT,Floriental,Female,Medium,Medium,3.0,Fun EDT by Azzaro is a EDT perfume designed for Female. It belongs to the Floriental category and has Medium longevity.,"elegant, sensual","evening, date"
Azzaro,Visit for Men EDT,EDT,Woody Spicy,Male,Medium,Medium,3.0,Visit for Men EDT by Azzaro is a EDT perfume designed for Male. It belongs to the Woody Spicy category and has Medium longevity.,"strong, confident","evening, dinner"
Azzaro,Visit for Women EDT,EDT,Floriental,Female,Medium,Medium,3.0,Visit for Women EDT by Azzaro is a EDT perfume designed for Female. It belongs to the Floriental category and has Medium longevity.,"elegant, sensual","evening, date"
Azzaro,Decibel EDT,EDT,Woody Spicy,Male,Medium,Medium,3.0,Decibel EDT by Azzaro is a EDT perfume designed for Male. It belongs to the Woody Spicy category and has Medium longevity.,"strong, confident","evening, dinner"
Azzaro,Elixir EDP,EDP,Amber Spicy,Male,Strong,Strong,4.0,Elixir EDP by Azzaro is a EDP perfume designed for Male. It belongs to the Amber Spicy category and has Strong longevity.,,
Azzaro,Forever Wanted Elixir EDP,EDP,Amber Woody,Male,Strong,Strong,4.0,Forever Wanted Elixir EDP by Azzaro is a EDP perfume designed for Male. It belongs to the Amber Woody category and has Strong longevity.,,
Al Haramain,Detour Noir,EDP,Amber Woody,Unisex,6–8 hours,Medium,4.0,Detour Noir by Al Haramain is a EDP perfume designed for Unisex. It belongs to the Amber Woody category and has Medium longevity.,,
Al Haramain,Detour Eco,EDP,Woody Spicy,Unisex,6–8 hours,Medium,4.0,Detour Eco by Al Haramain is a EDP perfume designed for Unisex. It belongs to the Woody Spicy category and has Medium longevity.,"strong, confident","evening, dinner"
Al Haramain,Detour Rouge,EDP,Amber Spicy,Unisex,6–8 hours,Medium,4.0,Detour Rouge by Al Haramain is a EDP perfume designed for Unisex. It belongs to the Amber Spicy category and has Medium longevity.,,
Al Haramain,Detour Exclusif,EDP,Woody Spicy,Unisex,6–8 hours,Medium,4.0,Detour Exclusif by Al Haramain is a EDP perfume designed for Unisex. It belongs to the Woody Spicy category and has Medium longevity.,"strong, confident","evening, dinner"
Al Haramain,L'Aventure,EDP,Citrus Woody,Men,6–8 hours,Medium,4.0,L'Aventure by Al Haramain is a EDP perfume designed for Men. It belongs to the Citrus Woody category and has Medium longevity.,,
Al Haramain,L'Aventure Intense,EDP,Woody Spicy,Men,6–8 hours,Medium,4.0,L'Aventure Intense by Al Haramain is a EDP perfume designed for Men. It belongs to the Woody Spicy category and has Medium longevity.,"strong, confident","evening, dinner"
Al Haramain,L'Aventure Blanche,EDP,Floral Woody,Women,6–8 hours,Medium,4.0,L'Aventure Blanche by Al Haramain is a EDP perfume designed for Women. It belongs to the Floral Woody category and has Medium longevity.,,
Al Haramain,L'Aventure Femme,EDP,Floriental,Women,6–8 hours,Medium,4.0,L'Aventure Femme by Al Haramain is a EDP perfume designed for Women. It belongs to the Floriental category and has Medium longevity.,"elegant, sensual","evening, date"
Al Haramain,L'Aventure Knight,EDP,Woody Aromatic,Men,6–8 hours,Medium,4.0,L'Aventure Knight by Al Haramain is a EDP perfume designed for Men. It belongs to the Woody Aromatic category and has Medium longevity.,"relaxing, grounded","casual, work"
Al Haramain,L'Aventure Gold,EDP,Floriental,Women,6–8 hours,Medium,4.0,L'Aventure Gold by Al Haramain is a EDP perfume designed for Women. It belongs to the Floriental category and has Medium longevity.,"elegant, sensual","evening, date"
Al Haramain,Amber Oud Gold Edition,EDP,Amber Floral,Unisex,Strong,Strong,4.0,Amber Oud Gold Edition by Al Haramain is a EDP perfume designed for Unisex. It belongs to the Amber Floral category and has Strong longevity.,,
Al Haramain,Amber Oud White Edition,EDP,Floriental,Unisex,Medium,Medium,3.0,Amber Oud White Edition by Al Haramain is a EDP perfume designed for Unisex. It belongs to the Floriental category and has Medium longevity.,"elegant, sensual","evening, date"
Al Haramain,Amber Oud Carbon Edition,EDP,Woody Aromatic,Unisex,Strong,Strong,4.0,Amber Oud Carbon Edition by Al Haramain is a EDP perfume designed for Unisex. It belongs to the Woody Aromatic category and has Strong longevity.,"relaxing, grounded","casual, work"
Al Haramain,Amber Oud Bleu Edition,EDP,Woody Spicy,Unisex,Strong,Strong,4.0,Amber Oud Bleu Edition by Al Haramain is a EDP perfume designed for Unisex. It belongs to the Woody Spicy category and has Strong longevity.,"strong, confident","evening, dinner"
Al Haramain,Amber Oud Tobacco Edition,EDP,Amber Spicy,Unisex,Strong,Strong,4.0,Amber Oud Tobacco Edition by Al Haramain is a EDP perfume designed for Unisex. It belongs to the Amber Spicy category and has Strong longevity.,,
Al Haramain,Amber Oud Ruby Edition,EDP,Amber Floral,Unisex,Strong,Strong,4.0,Amber Oud Ruby Edition by Al Haramain is a EDP perfume designed for Unisex. It belongs to the Amber Floral category and has Strong longevity.,,
Al Haramain,Amber Oud Dubai Night,EDP,Woody Spicy,Unisex,Medium,Medium,3.0,Amber Oud Dubai Night by Al Haramain is a EDP perfume designed for Unisex. It belongs to the Woody Spicy category and has Medium longevity.,"strong, confident","evening, dinner"
Al Haramain,Amber Oud Aqua Dubai,EDP,Woody Aquatic,Unisex,Medium,Medium,3.0,Amber Oud Aqua Dubai by Al Haramain is a EDP perfume designed for Unisex. It belongs to the Woody Aquatic category and has Medium longevity.,,
Al Haramain,Amber Oud Gold Edition Extreme,Extrait de Parfum,Amber Floral,Unisex,Very Strong,Very Strong,5.0,Amber Oud Gold Edition Extreme by Al Haramain is a Extrait de Parfum perfume designed for Unisex. It belongs to the Amber Floral category and has Very Strong longevity.,,
Al Haramain,Amber Oud Gold Edition Intense,EDP,Amber Floral,Unisex,Strong,Strong,4.0,Amber Oud Gold Edition Intense by Al Haramain is a EDP perfume designed for Unisex. It belongs to the Amber Floral category and has Strong longevity.,,
Al Haramain,Amber Oud Gold Edition Limited,EDP,Amber Floral,Unisex,Strong,Strong,4.0,Amber Oud Gold Edition Limited by Al Haramain is a EDP perfume designed for Unisex. It belongs to the Amber Floral category and has Strong longevity.,,
Al Haramain,Amber Oud Gold Edition Exclusive,EDP,Amber Floral,Unisex,Strong,Strong,4.0,Amber Oud Gold Edition Exclusive by Al Haramain is a EDP perfume designed for Unisex. It belongs to the Amber Floral category and has Strong longevity.,,
Al Haramain,Amber Oud Gold Edition Supreme,EDP,Amber Floral,Unisex,Strong,Strong,4.0,Amber Oud Gold Edition Supreme by Al Haramain is a EDP perfume designed for Unisex. It belongs to the Amber Floral category and has Strong longevity.,,
Al Haramain,Amber Oud Gold Edition Royal,EDP,Amber Floral,Unisex,Strong,Strong,4.0,Amber Oud Gold Edition Royal by Al Haramain is a EDP perfume designed for Unisex. It belongs to the Amber Floral category and has Strong longevity.,,
Al Haramain,Amber Oud Gold Edition Classic,EDP,Amber Floral,Unisex,Strong,Strong,4.0,Amber Oud Gold Edition Classic by Al Haramain is a EDP perfume designed for Unisex. It belongs to the Amber Floral category and has Strong longevity.,,
Al Haramain,Amber Oud Gold Edition Prestige,EDP,Amber Floral,Unisex,Strong,Strong,4.0,Amber Oud Gold Edition Prestige by Al Haramain is a EDP perfume designed for Unisex. It belongs to the Amber Floral category and has Strong longevity.,,
Al Haramain,Amber Oud Gold Edition Signature,EDP,Amber Floral,Unisex,Strong,Strong,4.0,Amber Oud Gold Edition Signature by Al Haramain is a EDP perfume designed for Unisex. It belongs to the Amber Floral category and has Strong longevity.,,
Al Haramain,Amber Oud Gold Edition Elite,EDP,Amber Floral,Unisex,Strong,Strong,4.0,Amber Oud Gold Edition Elite by Al Haramain is a EDP perfume designed for Unisex. It belongs to the Amber Floral category and has Strong longevity.,,
Al Haramain,Amber Oud Gold Edition Supreme Intense,Extrait de Parfum,Amber Floral,Unisex,Very Strong,Very Strong,5.0,Amber Oud Gold Edition Supreme Intense by Al Haramain is a Extrait de Parfum perfume designed for Unisex. It belongs to the Amber Floral category and has Very Strong longevity.,,
Al Haramain,Amber Oud Gold Edition Supreme Limited,Extrait de Parfum,Amber Floral,Unisex,Very Strong,Very Strong,5.0,Amber Oud Gold Edition Supreme Limited by Al Haramain is a Extrait de Parfum perfume designed for Unisex. It belongs to the Amber Floral category and has Very Strong longevity.,,
Al Haramain,Amber Oud Gold Edition Supreme Exclusive,Extrait de Parfum,Amber Floral,Unisex,Very Strong,Very Strong,5.0,Amber Oud Gold Edition Supreme Exclusive by Al Haramain is a Extrait de Parfum perfume designed for Unisex. It belongs to the Amber Floral category and has Very Strong longevity.,,
Al Haramain,Amber Oud Gold Edition Supreme Royal,Extrait de Parfum,Amber Floral,Unisex,Very Strong,Very Strong,5.0,Amber Oud Gold Edition Supreme Royal by Al Haramain is a Extrait de Parfum perfume designed for Unisex. It belongs to the Amber Floral category and has Very Strong longevity.,,
Al Haramain,Amber Oud Gold Edition Supreme Classic,Extrait de Parfum,Amber Floral,Unisex,Very Strong,Very Strong,5.0,Amber Oud Gold Edition Supreme Classic by Al Haramain is a Extrait de Parfum perfume designed for Unisex. It belongs to the Amber Floral category and has Very Strong longevity.,,
Al Haramain,Amber Oud Gold Edition Supreme Prestige,Extrait de Parfum,Amber Floral,Unisex,Very Strong,Very Strong,5.0,Amber Oud Gold Edition Supreme Prestige by Al Haramain is a Extrait de Parfum perfume designed for Unisex. It belongs to the Amber Floral category and has Very Strong longevity.,,
Al Haramain,Amber Oud Gold Edition Supreme Signature,Extrait de Parfum,Amber Floral,Unisex,Very Strong,Very Strong,5.0,Amber Oud Gold Edition Supreme Signature by Al Haramain is a Extrait de Parfum perfume designed for Unisex. It belongs to the Amber Floral category and has Very Strong longevity.,,
Al Haramain,Amber Oud Gold Edition Supreme Elite,Extrait de Parfum,Amber Floral,Unisex,Very Strong,Very Strong,5.0,Amber Oud Gold Edition Supreme Elite by Al Haramain is a Extrait de Parfum perfume designed for Unisex. It belongs to the Amber Floral category and has Very Strong longevity.,,
Al Haramain,Amber Oud Gold Edition Supreme Intense Limited,Extrait de Parfum,Amber Floral,Unisex,Very Strong,Very Strong,5.0,Amber Oud Gold Edition Supreme Intense Limited by Al Haramain is a Extrait de Parfum perfume designed for Unisex. It belongs to the Amber Floral category and has Very Strong longevity.,,
Al Haramain,Amber Oud Gold Edition Supreme Intense Exclusive,Extrait de Parfum,Amber Floral,Unisex,Very Strong,Very Strong,5.0,Amber Oud Gold Edition Supreme Intense Exclusive by Al Haramain is a Extrait de Parfum perfume designed for Unisex. It belongs to the Amber Floral category and has Very Strong longevity.,,
Al Haramain,Amber Oud Gold Edition Supreme Intense Royal,Extrait de Parfum,Amber Floral,Unisex,Very Strong,Very Strong,5.0,Amber Oud Gold Edition Supreme Intense Royal by Al Haramain is a Extrait de Parfum perfume designed for Unisex. It belongs to the Amber Floral category and has Very Strong longevity.,,
Al Haramain,Amber Oud Gold Edition Supreme Intense Classic,Extrait de Parfum,Amber Floral,Unisex,Very Strong,Very Strong,5.0,Amber Oud Gold Edition Supreme Intense Classic by Al Haramain is a Extrait de Parfum perfume designed for Unisex. It belongs to the Amber Floral category and has Very Strong longevity.,,
Al Haramain,Amber Oud Gold Edition Supreme Intense Prestige,Extrait de Parfum,Amber Floral,Unisex,Very Strong,Very Strong,5.0,Amber Oud Gold Edition Supreme Intense Prestige by Al Haramain is a Extrait de Parfum perfume designed for Unisex. It belongs to the Amber Floral category and has Very Strong longevity.,,
Al Haramain,Amber Oud Gold Edition Supreme Intense Signature,Extrait de Parfum,Amber Floral,Unisex,Very Strong,Very Strong,5.0,Amber Oud Gold Edition Supreme Intense Signature by Al Haramain is a Extrait de Parfum perfume designed for Unisex. It belongs to the Amber Floral category and has Very Strong longevity.,,
Al Haramain,Amber Oud Gold Edition Supreme Intense Elite,Extrait de Parfum,Amber Floral,Unisex,Very Strong,Very Strong,5.0,Amber Oud Gold Edition Supreme Intense Elite by Al Haramain is a Extrait de Parfum perfume designed for Unisex. It belongs to the Amber Floral category and has Very Strong longevity.,,
Creed,Aventus,EDP,Woody Fruity,Unisex,Strong,Strong,4.0,Aventus by Creed is a EDP perfume designed for Unisex. It belongs to the Woody Fruity category and has Strong longevity.,,
Creed,Aventus For Her,EDP,Floriental,Female,Strong,Strong,4.0,Aventus For Her by Creed is a EDP perfume designed for Female. It belongs to the Floriental category and has Strong longevity.,"elegant, sensual","evening, date"
Creed,Silver Mountain Water,EDP,Aromatic,Unisex,Medium,Medium,3.0,Silver Mountain Water by Creed is a EDP perfume designed for Unisex. It belongs to the Aromatic category and has Medium longevity.,,
Creed,Green Irish Tweed,EDP,Fougere,Unisex,Medium,Medium,3.0,Green Irish Tweed by Creed is a EDP perfume designed for Unisex. It belongs to the Fougere category and has Medium longevity.,,
Creed,Millésime Impérial,EDP,Fruity Floral,Unisex,Medium,Medium,3.0,Millésime Impérial by Creed is a EDP perfume designed for Unisex. It belongs to the Fruity Floral category and has Medium longevity.,"sweet, cheerful","daytime, brunch"
Creed,Original Vetiver,EDP,Woody Aromatic,Unisex,Medium,Medium,3.0,Original Vetiver by Creed is a EDP perfume designed for Unisex. It belongs to the Woody Aromatic category and has Medium longevity.,"relaxing, grounded","casual, work"
Creed,Original Santal,EDP,Woody Spicy,Unisex,Medium,Medium,3.0,Original Santal by Creed is a EDP perfume designed for Unisex. It belongs to the Woody Spicy category and has Medium longevity.,"strong, confident","evening, dinner"
Creed,Bois du Portugal,EDP,Woody,Unisex,Medium,Medium,3.0,Bois du Portugal by Creed is a EDP perfume designed for Unisex. It belongs to the Woody category and has Medium longevity.,"calm, earthy","casual, outdoor"
Creed,Virgin Island Water,EDP,Tropical,Unisex,Medium,Medium,3.0,Virgin Island Water by Creed is a EDP perfume designed for Unisex. It belongs to the Tropical category and has Medium longevity.,,
Creed,Tabarome,EDP,Spicy Woody,Unisex,Medium,Medium,3.0,Tabarome by Creed is a EDP perfume designed for Unisex. It belongs to the Spicy Woody category and has Medium longevity.,,
Creed,Himalaya,EDP,Aromatic,Unisex,Medium,Medium,3.0,Himalaya by Creed is a EDP perfume designed for Unisex. It belongs to the Aromatic category and has Medium longevity.,,
Creed,Viking,EDP,Spicy Woody,Unisex,Medium,Medium,3.0,Viking by Creed is a EDP perfume designed for Unisex. It belongs to the Spicy Woody category and has Medium longevity.,,
Creed,Viking Cologne,EDP,Spicy Woody,Unisex,Medium,Medium,3.0,Viking Cologne by Creed is a EDP perfume designed for Unisex. It belongs to the Spicy Woody category and has Medium longevity.,,
Creed,Love in White,EDP,Floriental,Female,Medium,Medium,3.0,Love in White by Creed is a EDP perfume designed for Female. It belongs to the Floriental category and has Medium longevity.,"elegant, sensual","evening, date"
Creed,Wind Flowers,EDP,Floriental,Female,Medium,Medium,3.0,Wind Flowers by Creed is a EDP perfume designed for Female. It belongs to the Floriental category and has Medium longevity.,"elegant, sensual","evening, date"
Creed,Spring Flower,EDP,Floriental,Female,Medium,Medium,3.0,Spring Flower by Creed is a EDP perfume designed for Female. It belongs to the Floriental category and has Medium longevity.,"elegant, sensual","evening, date"
Creed,Carmina,EDP,Floriental,Female,Medium,Medium,3.0,Carmina by Creed is a EDP perfume designed for Female. It belongs to the Floriental category and has Medium longevity.,"elegant, sensual","evening, date"
Creed,Queen of Silk,EDP,Floriental,Female,Medium,Medium,3.0,Queen of Silk by Creed is a EDP perfume designed for Female. It belongs to the Floriental category and has Medium longevity.,"elegant, sensual","evening, date"
Creed,Eladaria,EDP,Floriental,Female,Medium,Medium,3.0,Eladaria by Creed is a EDP perfume designed for Female. It belongs to the Floriental category and has Medium longevity.,"elegant, sensual","evening, date"
Creed,Absolu Aventus,EDP,Woody Fruity,Unisex,Strong,Strong,4.0,Absolu Aventus by Creed is a EDP perfume designed for Unisex. It belongs to the Woody Fruity category and has Strong longevity.,,
Creed,Royal Mayfair,EDP,Woody Floral,Unisex,Medium,Medium,3.0,Royal Mayfair by Creed is a EDP perfume designed for Unisex. It belongs to the Woody Floral category and has Medium longevity.,"soft, warm","date, dinner"
Creed,Delphinus,EDP,Amber Floral,Unisex,Medium,Medium,3.0,Delphinus by Creed is a EDP perfume designed for Unisex. It belongs to the Amber Floral category and has Medium longevity.,,
Creed,Centaurus,EDP,Amber Spicy,Unisex,Medium,Medium,3.0,Centaurus by Creed is a EDP perfume designed for Unisex. It belongs to the Amber Spicy category and has Medium longevity.,,
Creed,Oud Zarian,EDP,Woody Oriental,Unisex,Medium,Medium,3.0,Oud Zarian by Creed is a EDP perfume designed for Unisex. It belongs to the Woody Oriental category and has Medium longevity.,,
Versace,Eros Parfum,EDP,Woody Aromatic,Men,Strong,Strong,4.0,Eros Parfum by Versace is a EDP perfume designed for Men. It belongs to the Woody Aromatic category and has Strong longevity.,"relaxing, grounded","casual, work"
Versace,Eros Flame,EDP,Woody Spicy,Men,Medium,Medium,3.0,Eros Flame by Versace is a EDP perfume designed for Men. It belongs to the Woody Spicy category and has Medium longevity.,"strong, confident","evening, dinner"
Versace,Eros Energy,EDP,Citrus Aromatic,Men,Medium,Medium,3.0,Eros Energy by Versace is a EDP perfume designed for Men. It belongs to the Citrus Aromatic category and has Medium longevity.,,
Versace,Dylan Blue Pour Homme,EDT,Woody Aquatic,Men,Medium,Medium,3.0,Dylan Blue Pour Homme by Versace is a EDT perfume designed for Men. It belongs to the Woody Aquatic category and has Medium longevity.,,
Versace,Man Eau Fraiche,EDT,Woody Aquatic,Men,Light,Light,2.0,Man Eau Fraiche by Versace is a EDT perfume designed for Men. It belongs to the Woody Aquatic category and has Light longevity.,,
Versace,Pour Homme,EDT,Citrus Aromatic,Men,Light,Light,2.0,Pour Homme by Versace is a EDT perfume designed for Men. It belongs to the Citrus Aromatic category and has Light longevity.,,
Versace,Crystal Noir,EDT,Amber Floral,Female,Medium,Medium,3.0,Crystal Noir by Versace is a EDT perfume designed for Female. It belongs to the Amber Floral category and has Medium longevity.,,
Versace,Bright Crystal,EDP,Floriental,Female,Medium,Medium,3.0,Bright Crystal by Versace is a EDP perfume designed for Female. It belongs to the Floriental category and has Medium longevity.,"elegant, sensual","evening, date"
Versace,Yellow Diamond,EDP,Floriental,Female,Medium,Medium,3.0,Yellow Diamond by Versace is a EDP perfume designed for Female. It belongs to the Floriental category and has Medium longevity.,"elegant, sensual","evening, date"
Versace,Red Jeans,EDT,Floriental,Female,Light,Light,2.0,Red Jeans by Versace is a EDT perfume designed for Female. It belongs to the Floriental category and has Light longevity.,"elegant, sensual","evening, date"
Versace,Vanitas,EDP,Floriental,Female,Medium,Medium,3.0,Vanitas by Versace is a EDP perfume designed for Female. It belongs to the Floriental category and has Medium longevity.,"elegant, sensual","evening, date"
Versace,L'Homme,EDT,Woody Floral,Men,Medium,Medium,3.0,L'Homme by Versace is a EDT perfume designed for Men. It belongs to the Woody Floral category and has Medium longevity.,"soft, warm","date, dinner"
Versace,Pour Homme Oud Noir,EDP,Woody Oriental,Men,Medium,Medium,3.0,Pour Homme Oud Noir by Versace is a EDP perfume designed for Men. It belongs to the Woody Oriental category and has Medium longevity.,,
Versace,Versense,EDT,Green Floral,Female,Medium,Medium,3.0,Versense by Versace is a EDT perfume designed for Female. It belongs to the Green Floral category and has Medium longevity.,,
Versace,Atelier Cedrat de Diamante,EDP,Citrus Woody,Unisex,Medium,Medium,3.0,Atelier Cedrat de Diamante by Versace is a EDP perfume designed for Unisex. It belongs to the Citrus Woody category and has Medium longevity.,,
Versace,Atelier Eclat de Rose,EDP,Floral,Unisex,Medium,Medium,3.0,Atelier Eclat de Rose by Versace is a EDP perfume designed for Unisex. It belongs to the Floral category and has Medium longevity.,,
Versace,Atelier Encens Supreme,EDP,Incense Woody,Unisex,Medium,Medium,3.0,Atelier Encens Supreme by Versace is a EDP perfume designed for Unisex. It belongs to the Incense Woody category and has Medium longevity.,,
Versace,Atelier Santal Boisé,EDP,Sandalwood,Unisex,Medium,Medium,3.0,Atelier Santal Boisé by Versace is a EDP perfume designed for Unisex. It belongs to the Sandalwood category and has Medium longevity.,,
Carolina Herrera,Good Girl,EDP,Floriental,Female,Medium,Medium,3.0,Good Girl by Carolina Herrera is a EDP perfume designed for Female. It belongs to the Floriental category and has Medium longevity.,"elegant, sensual","evening, date"
Carolina Herrera,Good Girl Blush,EDP,Floriental,Female,Medium,Medium,3.0,Good Girl Blush by Carolina Herrera is a EDP perfume designed for Female. It belongs to the Floriental category and has Medium longevity.,"elegant, sensual","evening, date"
Carolina Herrera,Good Girl Supreme,EDP,Floriental,Female,Medium,Medium,3.0,Good Girl Supreme by Carolina Herrera is a EDP perfume designed for Female. It belongs to the Floriental category and has Medium longevity.,"elegant, sensual","evening, date"
Carolina Herrera,Very Good Girl,EDP,Floriental,Female,Medium,Medium,3.0,Very Good Girl by Carolina Herrera is a EDP perfume designed for Female. It belongs to the Floriental category and has Medium longevity.,"elegant, sensual","evening, date"
Carolina Herrera,Very Good Girl Elixir,EDP,Floriental,Female,Medium,Medium,3.0,Very Good Girl Elixir by Carolina Herrera is a EDP perfume designed for Female. It belongs to the Floriental category and has Medium longevity.,"elegant, sensual","evening, date"
Carolina Herrera,212 VIP,EDP,Woody Spicy,Female,Medium,Medium,3.0,212 VIP by Carolina Herrera is a EDP perfume designed for Female. It belongs to the Woody Spicy category and has Medium longevity.,"strong, confident","evening, dinner"
Carolina Herrera,212 VIP Black,EDP,Amber Spicy,Female,Medium,Medium,3.0,212 VIP Black by Carolina Herrera is a EDP perfume designed for Female. It belongs to the Amber Spicy category and has Medium longevity.,,
Carolina Herrera,212 Heroes,EDT,Woody,Female,Light,Light,2.0,212 Heroes by Carolina Herrera is a EDT perfume designed for Female. It belongs to the Woody category and has Light longevity.,"calm, earthy","casual, outdoor"
Carolina Herrera,212 Sexy,EDT,Floriental,Female,Light,Light,2.0,212 Sexy by Carolina Herrera is a EDT perfume designed for Female. It belongs to the Floriental category and has Light longevity.,"elegant, sensual","evening, date"
Carolina Herrera,212 Men,EDT,Woody Spicy,Male,Medium,Medium,3.0,212 Men by Carolina Herrera is a EDT perfume designed for Male. It belongs to the Woody Spicy category and has Medium longevity.,"strong, confident","evening, dinner"
Carolina Herrera,212 Men NYC,EDT,Woody Spicy,Male,Medium,Medium,3.0,212 Men NYC by Carolina Herrera is a EDT perfume designed for Male. It belongs to the Woody Spicy category and has Medium longevity.,"strong, confident","evening, dinner"
Carolina Herrera,212 VIP Men,EDT,Woody Spicy,Male,Medium,Medium,3.0,212 VIP Men by Carolina Herrera is a EDT perfume designed for Male. It belongs to the Woody Spicy category and has Medium longevity.,"strong, confident","evening, dinner"
Carolina Herrera,212 VIP Black Elixir,EDP,Amber Spicy,Male,Medium,Medium,3.0,212 VIP Black Elixir by Carolina Herrera is a EDP perfume designed for Male. It belongs to the Amber Spicy category and has Medium longevity.,,
Carolina Herrera,Bad Boy,EDP,Woody Spicy,Male,Medium,Medium,3.0,Bad Boy by Carolina Herrera is a EDP perfume designed for Male. It belongs to the Woody Spicy category and has Medium longevity.,"strong, confident","evening, dinner"
Carolina Herrera,Bad Boy Le Parfum,EDP,Woody Spicy,Male,Medium,Medium,3.0,Bad Boy Le Parfum by Carolina Herrera is a EDP perfume designed for Male. It belongs to the Woody Spicy category and has Medium longevity.,"strong, confident","evening, dinner"
Carolina Herrera,Bad Boy Cobalt,EDP,Woody Spicy,Male,Medium,Medium,3.0,Bad Boy Cobalt by Carolina Herrera is a EDP perfume designed for Male. It belongs to the Woody Spicy category and has Medium longevity.,"strong, confident","evening, dinner"
Carolina Herrera,Amber Desire,EDP,Amber,Female,Medium,Medium,3.0,Amber Desire by Carolina Herrera is a EDP perfume designed for Female. It belongs to the Amber category and has Medium longevity.,,
Carolina Herrera,Neroli Bohème,EDP,Floriental,Female,Medium,Medium,3.0,Neroli Bohème by Carolina Herrera is a EDP perfume designed for Female. It belongs to the Floriental category and has Medium longevity.,"elegant, sensual","evening, date"
Carolina Herrera,Confidential Oud Couture,EDP,Woody,Female,Medium,Medium,3.0,Confidential Oud Couture by Carolina Herrera is a EDP perfume designed for Female. It belongs to the Woody category and has Medium longevity.,"calm, earthy","casual, outdoor"
Hugo Boss,Boss Bottled EDT,EDT,Woody Spicy,Men,Medium,Medium,3.0,Boss Bottled EDT by Hugo Boss is a EDT perfume designed for Men. It belongs to the Woody Spicy category and has Medium longevity.,"strong, confident","evening, dinner"
Hugo Boss,Boss Bottled EDP,EDP,Woody Spicy,Men,Strong,Strong,4.0,Boss Bottled EDP by Hugo Boss is a EDP perfume designed for Men. It belongs to the Woody Spicy category and has Strong longevity.,"strong, confident","evening, dinner"
Hugo Boss,Boss Bottled Infinite,EDP,Woody Aromatic,Men,Medium,Medium,3.0,Boss Bottled Infinite by Hugo Boss is a EDP perfume designed for Men. It belongs to the Woody Aromatic category and has Medium longevity.,"relaxing, grounded","casual, work"
Hugo Boss,Boss Bottled Tonic,EDT,Citrus Aromatic,Men,Light,Light,2.0,Boss Bottled Tonic by Hugo Boss is a EDT perfume designed for Men. It belongs to the Citrus Aromatic category and has Light longevity.,,
Hugo Boss,Boss The Scent EDT,EDT,Spicy Oriental,Men,Medium,Medium,3.0,Boss The Scent EDT by Hugo Boss is a EDT perfume designed for Men. It belongs to the Spicy Oriental category and has Medium longevity.,,
Hugo Boss,Boss The Scent Intense EDP,EDP,Spicy Oriental,Men,Strong,Strong,4.0,Boss The Scent Intense EDP by Hugo Boss is a EDP perfume designed for Men. It belongs to the Spicy Oriental category and has Strong longevity.,,
Hugo Boss,Hugo Man EDT,EDT,Green Aromatic,Men,Light,Light,2.0,Hugo Man EDT by Hugo Boss is a EDT perfume designed for Men. It belongs to the Green Aromatic category and has Light longevity.,,
Hugo Boss,Hugo Just Different EDT,EDT,Woody Aromatic,Men,Light,Light,2.0,Hugo Just Different EDT by Hugo Boss is a EDT perfume designed for Men. It belongs to the Woody Aromatic category and has Light longevity.,"relaxing, grounded","casual, work"
Hugo Boss,Boss Bottled Night EDT,EDT,Woody Aromatic,Men,Light,Light,2.0,Boss Bottled Night EDT by Hugo Boss is a EDT perfume designed for Men. It belongs to the Woody Aromatic category and has Light longevity.,"relaxing, grounded","casual, work"
Hugo Boss,Boss Ma Vie EDP,EDP,Floriental,Female,Medium,Medium,3.0,Boss Ma Vie EDP by Hugo Boss is a EDP perfume designed for Female. It belongs to the Floriental category and has Medium longevity.,"elegant, sensual","evening, date"
Hugo Boss,Boss Femme EDP,EDP,Floriental,Female,Medium,Medium,3.0,Boss Femme EDP by Hugo Boss is a EDP perfume designed for Female. It belongs to the Floriental category and has Medium longevity.,"elegant, sensual","evening, date"
Hugo Boss,Boss The Scent For Her EDP,EDP,Floriental,Female,Medium,Medium,3.0,Boss The Scent For Her EDP by Hugo Boss is a EDP perfume designed for Female. It belongs to the Floriental category and has Medium longevity.,"elegant, sensual","evening, date"
Hugo Boss,Boss The Scent Le Parfum EDP,EDP,Floriental,Female,Medium,Medium,3.0,Boss The Scent Le Parfum EDP by Hugo Boss is a EDP perfume designed for Female. It belongs to the Floriental category and has Medium longevity.,"elegant, sensual","evening, date"
Hugo Boss,Boss Bottled Oud,EDP,Woody Oriental,Men,Medium,Medium,3.0,Boss Bottled Oud by Hugo Boss is a EDP perfume designed for Men. It belongs to the Woody Oriental category and has Medium longevity.,,
Hugo Boss,Boss Bottled Elixir,EDP,Woody Spicy,Men,Medium,Medium,3.0,Boss Bottled Elixir by Hugo Boss is a EDP perfume designed for Men. It belongs to the Woody Spicy category and has Medium longevity.,"strong, confident","evening, dinner"
Hugo Boss,Boss The Scent Le Parfum,EDP,Oriental Woody,Men,Medium,Medium,3.0,Boss The Scent Le Parfum by Hugo Boss is a EDP perfume designed for Men. It belongs to the Oriental Woody category and has Medium longevity.,"mysterious, deep","formal, dinner"
Hugo Boss,Boss The Scent Absolute,EDP,Oriental Woody,Men,Medium,Medium,3.0,Boss The Scent Absolute by Hugo Boss is a EDP perfume designed for Men. It belongs to the Oriental Woody category and has Medium longevity.,"mysterious, deep","formal, dinner"
Hugo Boss,Hugo Energise,EDT,Woody Aquatic,Men,Light,Light,2.0,Hugo Energise by Hugo Boss is a EDT perfume designed for Men. It belongs to the Woody Aquatic category and has Light longevity.,,
Hugo Boss,Hugo Just Different,EDT,Aromatic Green,Men,Light,Light,2.0,Hugo Just Different by Hugo Boss is a EDT perfume designed for Men. It belongs to the Aromatic Green category and has Light longevity.,,
Hugo Boss,Boss Soul,EDT,Oriental Woody,Men,Medium,Medium,3.0,Boss Soul by Hugo Boss is a EDT perfume designed for Men. It belongs to the Oriental Woody category and has Medium longevity.,"mysterious, deep","formal, dinner"
Hugo Boss,Boss Selection,EDT,Woody Aromatic,Men,Medium,Medium,3.0,Boss Selection by Hugo Boss is a EDT perfume designed for Men. It belongs to the Woody Aromatic category and has Medium longevity.,"relaxing, grounded","casual, work"
Hugo Boss,Boss Bottled Sport,EDT,Woody Aromatic,Men,Light,Light,2.0,Boss Bottled Sport by Hugo Boss is a EDT perfume designed for Men. It belongs to the Woody Aromatic category and has Light longevity.,"relaxing, grounded","casual, work"
Hugo Boss,Boss Bottled Unlimited,EDT,Citrus Aromatic,Men,Light,Light,2.0,Boss Bottled Unlimited by Hugo Boss is a EDT perfume designed for Men. It belongs to the Citrus Aromatic category and has Light longevity.,,
Hugo Boss,Boss Bottled Night,EDT,Woody Aromatic,Men,Light,Light,2.0,Boss Bottled Night by Hugo Boss is a EDT perfume designed for Men. It belongs to the Woody Aromatic category and has Light longevity.,"relaxing, grounded","casual, work"
Hugo Boss,Boss Ma Vie L'Eau,EDT,Floral Fruity,Female,Light,Light,2.0,Boss Ma Vie L'Eau by Hugo Boss is a EDT perfume designed for Female. It belongs to the Floral Fruity category and has Light longevity.,"romantic, happy","daytime, casual"
Hugo Boss,Boss Femme,EDP,Floral Fruity,Female,Medium,Medium,3.0,Boss Femme by Hugo Boss is a EDP perfume designed for Female. It belongs to the Floral Fruity category and has Medium longevity.,"romantic, happy","daytime, casual"
Hugo Boss,Boss Nuit Pour Femme,EDP,Floral Fruity,Female,Medium,Medium,3.0,Boss Nuit Pour Femme by Hugo Boss is a EDP perfume designed for Female. It belongs to the Floral Fruity category and has Medium longevity.,"romantic, happy","daytime, casual"
Hugo Boss,Boss Orange,EDP,Floral Fruity,Female,Medium,Medium,3.0,Boss Orange by Hugo Boss is a EDP perfume designed for Female. It belongs to the Floral Fruity category and has Medium longevity.,"romantic, happy","daytime, casual"
Hugo Boss,Boss The Scent For Her,EDP,Floral Fruity,Female,Medium,Medium,3.0,Boss The Scent For Her by Hugo Boss is a EDP perfume designed for Female. It belongs to the Floral Fruity category and has Medium longevity.,"romantic, happy","daytime, casual"
Hugo Boss,Boss The Scent Magnetic,EDP,Floral Fruity,Female,Medium,Medium,3.0,Boss The Scent Magnetic by Hugo Boss is a EDP perfume designed for Female. It belongs to the Floral Fruity category and has Medium longevity.,"romantic, happy","daytime, casual"
Hugo Boss,Boss Alive,EDP,Floral Fruity,Female,Medium,Medium,3.0,Boss Alive by Hugo Boss is a EDP perfume designed for Female. It belongs to the Floral Fruity category and has Medium longevity.,"romantic, happy","daytime, casual"
Hugo Boss,Boss The Scent Private Accord,EDP,Floral Fruity,Female,Medium,Medium,3.0,Boss The Scent Private Accord by Hugo Boss is a EDP perfume designed for Female. It belongs to the Floral Fruity category and has Medium longevity.,"romantic, happy","daytime, casual"
Hugo Boss,Hugo Reversed,EDT,Woody Aromatic,Men,Light,Light,2.0,Hugo Reversed by Hugo Boss is a EDT perfume designed for Men. It belongs to the Woody Aromatic category and has Light longevity.,"relaxing, grounded","casual, work"
Hermès,Terre d'Hermès EDT,EDT,Woody Citrus,Men,Medium,Medium,3.0,Terre d'Hermès EDT by Hermès is a EDT perfume designed for Men. It belongs to the Woody Citrus category and has Medium longevity.,,
Hermès,Terre d'Hermès EDP,EDP,Woody Citrus,Men,Strong,Strong,4.0,Terre d'Hermès EDP by Hermès is a EDP perfume designed for Men. It belongs to the Woody Citrus category and has Strong longevity.,,
Hermès,Terre d'Hermès Eau Très Fraîche,EDT,Woody Citrus,Men,Light,Light,2.0,Terre d'Hermès Eau Très Fraîche by Hermès is a EDT perfume designed for Men. It belongs to the Woody Citrus category and has Light longevity.,,
Hermès,Terre d'Hermès Eau Givrée,EDT,Woody Citrus,Men,Light,Light,2.0,Terre d'Hermès Eau Givrée by Hermès is a EDT perfume designed for Men. It belongs to the Woody Citrus category and has Light longevity.,,
Hermès,H24 EDT,EDT,Aromatic Green,Men,Medium,Medium,3.0,H24 EDT by Hermès is a EDT perfume designed for Men. It belongs to the Aromatic Green category and has Medium longevity.,,
Hermès,H24 Herbes Vives EDP,EDP,Aromatic Fougere,Men,Medium,Medium,3.0,H24 Herbes Vives EDP by Hermès is a EDP perfume designed for Men. It belongs to the Aromatic Fougere category and has Medium longevity.,,
Hermès,Un Jardin sur le Nil EDT,EDT,Green Fruity,Unisex,Light,Light,2.0,Un Jardin sur le Nil EDT by Hermès is a EDT perfume designed for Unisex. It belongs to the Green Fruity category and has Light longevity.,,
Hermès,Un Jardin sur le Toit EDT,EDT,Green Fruity,Unisex,Light,Light,2.0,Un Jardin sur le Toit EDT by Hermès is a EDT perfume designed for Unisex. It belongs to the Green Fruity category and has Light longevity.,,
Hermès,Un Jardin Méditerranéen EDT,EDT,Green Fruity,Unisex,Light,Light,2.0,Un Jardin Méditerranéen EDT by Hermès is a EDT perfume designed for Unisex. It belongs to the Green Fruity category and has Light longevity.,,
Hermès,Un Jardin d'Amalfi EDT,EDT,Green Fruity,Unisex,Light,Light,2.0,Un Jardin d'Amalfi EDT by Hermès is a EDT perfume designed for Unisex. It belongs to the Green Fruity category and has Light longevity.,,
Hermès,Un Jardin en Méditerranée EDT,EDT,Green Fruity,Unisex,Light,Light,2.0,Un Jardin en Méditerranée EDT by Hermès is a EDT perfume designed for Unisex. It belongs to the Green Fruity category and has Light longevity.,,
Hermès,Un Jardin sur le Toit EDT,EDT,Green Fruity,Unisex,Light,Light,2.0,Un Jardin sur le Toit EDT by Hermès is a EDT perfume designed for Unisex. It belongs to the Green Fruity category and has Light longevity.,,
Hermès,24 Faubourg EDP,EDP,Floriental,Female,Medium,Medium,3.0,24 Faubourg EDP by Hermès is a EDP perfume designed for Female. It belongs to the Floriental category and has Medium longevity.,"elegant, sensual","evening, date"
Hermès,24 Faubourg EDT,EDT,Floriental,Female,Light,Light,2.0,24 Faubourg EDT by Hermès is a EDT perfume designed for Female. It belongs to the Floriental category and has Light longevity.,"elegant, sensual","evening, date"
Hermès,Calèche EDP,EDP,Floriental,Female,Medium,Medium,3.0,Calèche EDP by Hermès is a EDP perfume designed for Female. It belongs to the Floriental category and has Medium longevity.,"elegant, sensual","evening, date"
Hermès,Calèche EDT,EDT,Floriental,Female,Light,Light,2.0,Calèche EDT by Hermès is a EDT perfume designed for Female. It belongs to the Floriental category and has Light longevity.,"elegant, sensual","evening, date"
Hermès,Elixir des Merveilles EDP,EDP,Amber Woody,Female,Medium,Medium,3.0,Elixir des Merveilles EDP by Hermès is a EDP perfume designed for Female. It belongs to the Amber Woody category and has Medium longevity.,,
Hermès,Elixir des Merveilles Bleue EDP,EDP,Amber Woody,Female,Medium,Medium,3.0,Elixir des Merveilles Bleue EDP by Hermès is a EDP perfume designed for Female. It belongs to the Amber Woody category and has Medium longevity.,,
Hermès,Barénia EDP,EDP,Chypre Fruity,Female,Medium,Medium,3.0,Barénia EDP by Hermès is a EDP perfume designed for Female. It belongs to the Chypre Fruity category and has Medium longevity.,,
Hermès,Barénia Eau de Parfum Intense,EDP,Chypre Fruity,Female,Medium,Medium,3.0,Barénia Eau de Parfum Intense by Hermès is a EDP perfume designed for Female. It belongs to the Chypre Fruity category and has Medium longevity.,,
Hermès,Barénia Eau de Parfum,EDP,Chypre Fruity,Female,Medium,Medium,3.0,Barénia Eau de Parfum by Hermès is a EDP perfume designed for Female. It belongs to the Chypre Fruity category and has Medium longevity.,,
Hermès,Hermessence Collection EDP,EDP,Woody Floral,Unisex,Medium,Medium,3.0,Hermessence Collection EDP by Hermès is a EDP perfume designed for Unisex. It belongs to the Woody Floral category and has Medium longevity.,"soft, warm","date, dinner"
Hermès,Oud Alezan EDP,EDP,Woody Floral,Unisex,Medium,Medium,3.0,Oud Alezan EDP by Hermès is a EDP perfume designed for Unisex. It belongs to the Woody Floral category and has Medium longevity.,"soft, warm","date, dinner"
Hermès,Épice Marine EDP,EDP,Woody Floral,Unisex,Medium,Medium,3.0,Épice Marine EDP by Hermès is a EDP perfume designed for Unisex. It belongs to the Woody Floral category and has Medium longevity.,"soft, warm","date, dinner"
Hermès,Ambre Narguilé EDP,EDP,Amber Woody,Unisex,Medium,Medium,3.0,Ambre Narguilé EDP by Hermès is a EDP perfume designed for Unisex. It belongs to the Amber Woody category and has Medium longevity.,,
Hermès,Poivre Samarcande EDP,EDP,Spicy Woody,Unisex,Medium,Medium,3.0,Poivre Samarcande EDP by Hermès is a EDP perfume designed for Unisex. It belongs to the Spicy Woody category and has Medium longevity.,,
Hermès,Vanille Galante EDP,EDP,Floriental,Unisex,Medium,Medium,3.0,Vanille Galante EDP by Hermès is a EDP perfume designed for Unisex. It belongs to the Floriental category and has Medium longevity.,"elegant, sensual","evening, date"
Hermès,Brin de Réglisse EDP,EDP,Woody Floral,Unisex,Medium,Medium,3.0,Brin de Réglisse EDP by Hermès is a EDP perfume designed for Unisex. It belongs to the Woody Floral category and has Medium longevity.,"soft, warm","date, dinner"
Tom Ford,Black Orchid EDP,EDP,Oriental Floral,Unisex,Strong,Strong,4.0,Black Orchid EDP by Tom Ford is a EDP perfume designed for Unisex. It belongs to the Oriental Floral category and has Strong longevity.,,
Tom Ford,Black Orchid EDT,EDT,Oriental Floral,Unisex,Medium,Medium,3.0,Black Orchid EDT by Tom Ford is a EDT perfume designed for Unisex. It belongs to the Oriental Floral category and has Medium longevity.,,
Tom Ford,Tobacco Vanille EDP,EDP,Oriental Spicy,Unisex,Strong,Strong,4.0,Tobacco Vanille EDP by Tom Ford is a EDP perfume designed for Unisex. It belongs to the Oriental Spicy category and has Strong longevity.,"bold, confident","party, special events"
Tom Ford,Lost Cherry EDP,EDP,Oriental Fruity,Unisex,Strong,Strong,4.0,Lost Cherry EDP by Tom Ford is a EDP perfume designed for Unisex. It belongs to the Oriental Fruity category and has Strong longevity.,,
Tom Ford,Velvet Orchid EDP,EDP,Floriental,Female,Medium,Medium,3.0,Velvet Orchid EDP by Tom Ford is a EDP perfume designed for Female. It belongs to the Floriental category and has Medium longevity.,"elegant, sensual","evening, date"
Tom Ford,Fucking Fabulous EDP,EDP,Oriental Fougere,Unisex,Strong,Strong,4.0,Fucking Fabulous EDP by Tom Ford is a EDP perfume designed for Unisex. It belongs to the Oriental Fougere category and has Strong longevity.,,
Tom Ford,Oud Wood EDP,EDP,Woody Oriental,Unisex,Strong,Strong,4.0,Oud Wood EDP by Tom Ford is a EDP perfume designed for Unisex. It belongs to the Woody Oriental category and has Strong longevity.,,
Tom Ford,Noir de Noir EDP,EDP,Oriental Floral,Unisex,Medium,Medium,3.0,Noir de Noir EDP by Tom Ford is a EDP perfume designed for Unisex. It belongs to the Oriental Floral category and has Medium longevity.,,
Tom Ford,White Patchouli EDP,EDP,Chypre Floral,Female,Medium,Medium,3.0,White Patchouli EDP by Tom Ford is a EDP perfume designed for Female. It belongs to the Chypre Floral category and has Medium longevity.,,
Tom Ford,Black Orchid Parfum,Parfum,Oriental Floral,Unisex,Very Strong,Very Strong,5.0,Black Orchid Parfum by Tom Ford is a Parfum perfume designed for Unisex. It belongs to the Oriental Floral category and has Very Strong longevity.,,
Tom Ford,Neroli Portofino EDT,EDT,Citrus Aromatic,Unisex,Light,Light,2.0,Neroli Portofino EDT by Tom Ford is a EDT perfume designed for Unisex. It belongs to the Citrus Aromatic category and has Light longevity.,,
Tom Ford,Private Blend Oud Fleur EDP,EDP,Woody Floral,Unisex,Strong,Strong,4.0,Private Blend Oud Fleur EDP by Tom Ford is a EDP perfume designed for Unisex. It belongs to the Woody Floral category and has Strong longevity.,"soft, warm","date, dinner"
Tom Ford,Fuckin’ Fabulous EDP,EDP,Oriental Spicy,Unisex,Strong,Strong,4.0,Fuckin’ Fabulous EDP by Tom Ford is a EDP perfume designed for Unisex. It belongs to the Oriental Spicy category and has Strong longevity.,"bold, confident","party, special events"
Parfums de Marly,Delina EDP,EDP,Floriental,Female,Strong,Strong,4.0,Delina EDP by Parfums de Marly is a EDP perfume designed for Female. It belongs to the Floriental category and has Strong longevity.,"elegant, sensual","evening, date"
Parfums de Marly,Delina Exclusif EDP,EDP,Amber Floral,Female,Strong,Strong,4.0,Delina Exclusif EDP by Parfums de Marly is a EDP perfume designed for Female. It belongs to the Amber Floral category and has Strong longevity.,,
Parfums de Marly,Delina La Rosée EDP,EDP,Floriental,Female,Medium,Medium,3.0,Delina La Rosée EDP by Parfums de Marly is a EDP perfume designed for Female. It belongs to the Floriental category and has Medium longevity.,"elegant, sensual","evening, date"
Parfums de Marly,Valaya EDP,EDP,Floral Musky Woody,Female,Strong,Strong,4.0,Valaya EDP by Parfums de Marly is a EDP perfume designed for Female. It belongs to the Floral Musky Woody category and has Strong longevity.,,
Parfums de Marly,Valaya Exclusif EDP,EDP,Floral Musky Woody,Female,Strong,Strong,4.0,Valaya Exclusif EDP by Parfums de Marly is a EDP perfume designed for Female. It belongs to the Floral Musky Woody category and has Strong longevity.,,
Parfums de Marly,Castley EDP,EDP,Woody Floral,Female,Strong,Strong,4.0,Castley EDP by Parfums de Marly is a EDP perfume designed for Female. It belongs to the Woody Floral category and has Strong longevity.,"soft, warm","date, dinner"
Parfums de Marly,Palatine EDP,EDP,Woody Fruity,Female,Medium,Medium,3.0,Palatine EDP by Parfums de Marly is a EDP perfume designed for Female. It belongs to the Woody Fruity category and has Medium longevity.,,
Parfums de Marly,Althaïr EDP,EDP,Woody Floral,Unisex,Strong,Strong,4.0,Althaïr EDP by Parfums de Marly is a EDP perfume designed for Unisex. It belongs to the Woody Floral category and has Strong longevity.,"soft, warm","date, dinner"
Parfums de Marly,Haltane EDP,EDP,Woody Spicy,Unisex,Strong,Strong,4.0,Haltane EDP by Parfums de Marly is a EDP perfume designed for Unisex. It belongs to the Woody Spicy category and has Strong longevity.,"strong, confident","evening, dinner"
Parfums de Marly,Layton EDP,EDP,Amber Spicy,Unisex,Strong,Strong,4.0,Layton EDP by Parfums de Marly is a EDP perfume designed for Unisex. It belongs to the Amber Spicy category and has Strong longevity.,,
Parfums de Marly,Layton Exclusif EDP,EDP,Amber Spicy,Unisex,Strong,Strong,4.0,Layton Exclusif EDP by Parfums de Marly is a EDP perfume designed for Unisex. It belongs to the Amber Spicy category and has Strong longevity.,,
Parfums de Marly,Greenley EDP,EDP,Fruity Woody,Unisex,Medium,Medium,3.0,Greenley EDP by Parfums de Marly is a EDP perfume designed for Unisex. It belongs to the Fruity Woody category and has Medium longevity.,,
Parfums de Marly,Perseus EDP,EDP,Aromatic Woody,Unisex,Strong,Strong,4.0,Perseus EDP by Parfums de Marly is a EDP perfume designed for Unisex. It belongs to the Aromatic Woody category and has Strong longevity.,,
Parfums de Marly,Godolphin EDP,EDP,Woody Leather Chypre,Unisex,Strong,Strong,4.0,Godolphin EDP by Parfums de Marly is a EDP perfume designed for Unisex. It belongs to the Woody Leather Chypre category and has Strong longevity.,,
Parfums de Marly,Darley EDP,EDP,Amber Fougère,Unisex,Strong,Strong,4.0,Darley EDP by Parfums de Marly is a EDP perfume designed for Unisex. It belongs to the Amber Fougère category and has Strong longevity.,,
Parfums de Marly,Habdan EDP,EDP,Woody Floral,Unisex,Strong,Strong,4.0,Habdan EDP by Parfums de Marly is a EDP perfume designed for Unisex. It belongs to the Woody Floral category and has Strong longevity.,"soft, warm","date, dinner"
Parfums de Marly,Oajan EDP,EDP,Amber Spicy,Unisex,Strong,Strong,4.0,Oajan EDP by Parfums de Marly is a EDP perfume designed for Unisex. It belongs to the Amber Spicy category and has Strong longevity.,,
Giorgio Armani,Stronger With You EDT,EDT,Oriental Fougere,Men,Medium,Medium,3.0,Stronger With You EDT by Giorgio Armani is a EDT perfume designed for Men. It belongs to the Oriental Fougere category and has Medium longevity.,,
Giorgio Armani,Stronger With You Intensely EDP,EDP,Oriental Spicy,Men,Strong,Strong,4.0,Stronger With You Intensely EDP by Giorgio Armani is a EDP perfume designed for Men. It belongs to the Oriental Spicy category and has Strong longevity.,"bold, confident","party, special events"
Giorgio Armani,Stronger With You Absolutely EDP,EDP,Amber Woody,Men,Strong,Strong,4.0,Stronger With You Absolutely EDP by Giorgio Armani is a EDP perfume designed for Men. It belongs to the Amber Woody category and has Strong longevity.,,
Giorgio Armani,Stronger With You Leather EDP,EDP,Leather,Men,Strong,Strong,4.0,Stronger With You Leather EDP by Giorgio Armani is a EDP perfume designed for Men. It belongs to the Leather category and has Strong longevity.,,
Giorgio Armani,Stronger With You Oud EDP,EDP,Woody Oriental,Men,Strong,Strong,4.0,Stronger With You Oud EDP by Giorgio Armani is a EDP perfume designed for Men. It belongs to the Woody Oriental category and has Strong longevity.,,
Giorgio Armani,Stronger With You Only EDP,EDP,Floriental,Men,Medium,Medium,3.0,Stronger With You Only EDP by Giorgio Armani is a EDP perfume designed for Men. It belongs to the Floriental category and has Medium longevity.,"elegant, sensual","evening, date"
Giorgio Armani,Stronger With You Freeze EDP,EDP,Aromatic Aquatic,Men,Medium,Medium,3.0,Stronger With You Freeze EDP by Giorgio Armani is a EDP perfume designed for Men. It belongs to the Aromatic Aquatic category and has Medium longevity.,,
Giorgio Armani,Stronger With You Amber EDP,EDP,Amber Spicy,Men,Strong,Strong,4.0,Stronger With You Amber EDP by Giorgio Armani is a EDP perfume designed for Men. It belongs to the Amber Spicy category and has Strong longevity.,,
Giorgio Armani,Stronger With You Parfum,Parfum,Amber Spicy,Men,Strong,Strong,4.0,Stronger With You Parfum by Giorgio Armani is a Parfum perfume designed for Men. It belongs to the Amber Spicy category and has Strong longevity.,,
Giorgio Armani,Stronger With You Tobacco EDP,EDP,Amber Spicy,Men,Strong,Strong,4.0,Stronger With You Tobacco EDP by Giorgio Armani is a EDP perfume designed for Men. It belongs to the Amber Spicy category and has Strong longevity.,,
Giorgio Armani,Because It's You EDP,EDP,Floriental,Female,Medium,Medium,3.0,Because It's You EDP by Giorgio Armani is a EDP perfume designed for Female. It belongs to the Floriental category and has Medium longevity.,"elegant, sensual","evening, date"
Giorgio Armani,Because It's You Intensely EDP,EDP,Floriental Fruity,Female,Strong,Strong,4.0,Because It's You Intensely EDP by Giorgio Armani is a EDP perfume designed for Female. It belongs to the Floriental Fruity category and has Strong longevity.,"elegant, playful","daytime, casual"
Giorgio Armani,Armani Code EDT,EDT,Oriental Spicy,Men,Medium,Medium,3.0,Armani Code EDT by Giorgio Armani is a EDT perfume designed for Men. It belongs to the Oriental Spicy category and has Medium longevity.,"bold, confident","party, special events"
Giorgio Armani,Armani Code Profumo EDP,EDP,Oriental Spicy,Men,Strong,Strong,4.0,Armani Code Profumo EDP by Giorgio Armani is a EDP perfume designed for Men. It belongs to the Oriental Spicy category and has Strong longevity.,"bold, confident","party, special events"
Giorgio Armani,Armani Code Absolu EDP,EDP,Oriental Spicy,Men,Strong,Strong,4.0,Armani Code Absolu EDP by Giorgio Armani is a EDP perfume designed for Men. It belongs to the Oriental Spicy category and has Strong longevity.,"bold, confident","party, special events"
Giorgio Armani,Armani Code Parfum,Parfum,Oriental Spicy,Men,Strong,Strong,4.0,Armani Code Parfum by Giorgio Armani is a Parfum perfume designed for Men. It belongs to the Oriental Spicy category and has Strong longevity.,"bold, confident","party, special events"
Giorgio Armani,Acqua di Giò EDT,EDT,Aquatic Aromatic,Men,Medium,Medium,3.0,Acqua di Giò EDT by Giorgio Armani is a EDT perfume designed for Men. It belongs to the Aquatic Aromatic category and has Medium longevity.,,
Giorgio Armani,Acqua di Giò Profondo EDP,EDP,Aquatic Aromatic,Men,Strong,Strong,4.0,Acqua di Giò Profondo EDP by Giorgio Armani is a EDP perfume designed for Men. It belongs to the Aquatic Aromatic category and has Strong longevity.,,
Giorgio Armani,Acqua di Giò Absolu EDP,EDP,Woody Aquatic,Men,Strong,Strong,4.0,Acqua di Giò Absolu EDP by Giorgio Armani is a EDP perfume designed for Men. It belongs to the Woody Aquatic category and has Strong longevity.,,
Giorgio Armani,Acqua di Giò Elixir EDP,EDP,Aquatic Aromatic,Men,Strong,Strong,4.0,Acqua di Giò Elixir EDP by Giorgio Armani is a EDP perfume designed for Men. It belongs to the Aquatic Aromatic category and has Strong longevity.,,
Giorgio Armani,Si EDP,EDP,Chypre Fruity,Female,Strong,Strong,4.0,Si EDP by Giorgio Armani is a EDP perfume designed for Female. It belongs to the Chypre Fruity category and has Strong longevity.,,
Giorgio Armani,Si Passione EDP,EDP,Floriental Fruity,Female,Strong,Strong,4.0,Si Passione EDP by Giorgio Armani is a EDP perfume designed for Female. It belongs to the Floriental Fruity category and has Strong longevity.,"elegant, playful","daytime, casual"
Giorgio Armani,Si Fiori EDP,EDP,Floriental Fruity,Female,Medium,Medium,3.0,Si Fiori EDP by Giorgio Armani is a EDP perfume designed for Female. It belongs to the Floriental Fruity category and has Medium longevity.,"elegant, playful","daytime, casual"
Giorgio Armani,Si Intense EDP,EDP,Chypre Fruity,Female,Strong,Strong,4.0,Si Intense EDP by Giorgio Armani is a EDP perfume designed for Female. It belongs to the Chypre Fruity category and has Strong longevity.,,
Giorgio Armani,My Way EDP,EDP,Floriental,Female,Medium,Medium,3.0,My Way EDP by Giorgio Armani is a EDP perfume designed for Female. It belongs to the Floriental category and has Medium longevity.,"elegant, sensual","evening, date"
Giorgio Armani,My Way Intense EDP,EDP,Floriental,Female,Strong,Strong,4.0,My Way Intense EDP by Giorgio Armani is a EDP perfume designed for Female. It belongs to the Floriental category and has Strong longevity.,"elegant, sensual","evening, date"
Giorgio Armani,My Way Parfum,Parfum,Floriental,Female,Strong,Strong,4.0,My Way Parfum by Giorgio Armani is a Parfum perfume designed for Female. It belongs to the Floriental category and has Strong longevity.,"elegant, sensual","evening, date"
Giorgio Armani,My Way Nectar EDP,EDP,Floriental,Female,Strong,Strong,4.0,My Way Nectar EDP by Giorgio Armani is a EDP perfume designed for Female. It belongs to the Floriental category and has Strong longevity.,"elegant, sensual","evening, date"
Giorgio Armani,Acqua di Giòia EDP,EDP,Aquatic Floral,Female,Medium,Medium,3.0,Acqua di Giòia EDP by Giorgio Armani is a EDP perfume designed for Female. It belongs to the Aquatic Floral category and has Medium longevity.,,
Giorgio Armani,Acqua di Giòia Essenza EDP,EDP,Aquatic Floral,Female,Strong,Strong,4.0,Acqua di Giòia Essenza EDP by Giorgio Armani is a EDP perfume designed for Female. It belongs to the Aquatic Floral category and has Strong longevity.,,
Valentino,Donna Born in Roma EDP,EDP,Floral Woody,Female,Medium,Medium,3.0,Donna Born in Roma EDP by Valentino is a EDP perfume designed for Female. It belongs to the Floral Woody category and has Medium longevity.,,
Valentino,Donna Born in Roma Intense EDP,EDP,Amber Floral,Female,Strong,Strong,4.0,Donna Born in Roma Intense EDP by Valentino is a EDP perfume designed for Female. It belongs to the Amber Floral category and has Strong longevity.,,
Valentino,Donna Born in Roma Coral Fantasy EDP,EDP,Fruity Floral,Female,Medium,Medium,3.0,Donna Born in Roma Coral Fantasy EDP by Valentino is a EDP perfume designed for Female. It belongs to the Fruity Floral category and has Medium longevity.,"sweet, cheerful","daytime, brunch"
Valentino,Donna Born in Roma Green Stravaganza EDP,EDP,Green Floral,Female,Medium,Medium,3.0,Donna Born in Roma Green Stravaganza EDP by Valentino is a EDP perfume designed for Female. It belongs to the Green Floral category and has Medium longevity.,,
Valentino,Valentina EDP,EDP,Floriental,Female,Medium,Medium,3.0,Valentina EDP by Valentino is a EDP perfume designed for Female. It belongs to the Floriental category and has Medium longevity.,"elegant, sensual","evening, date"
Valentino,Valentina Assoluto EDP,EDP,Floriental,Female,Strong,Strong,4.0,Valentina Assoluto EDP by Valentino is a EDP perfume designed for Female. It belongs to the Floriental category and has Strong longevity.,"elegant, sensual","evening, date"
Valentino,Valentina Pink EDP,EDP,Floral Fruity,Female,Medium,Medium,3.0,Valentina Pink EDP by Valentino is a EDP perfume designed for Female. It belongs to the Floral Fruity category and has Medium longevity.,"romantic, happy","daytime, casual"
Valentino,Valentina Oud Mystique EDP,EDP,Woody Oriental,Female,Strong,Strong,4.0,Valentina Oud Mystique EDP by Valentino is a EDP perfume designed for Female. It belongs to the Woody Oriental category and has Strong longevity.,,
Valentino,Valentino Uomo EDT,EDT,Woody Spicy,Men,Medium,Medium,3.0,Valentino Uomo EDT by Valentino is a EDT perfume designed for Men. It belongs to the Woody Spicy category and has Medium longevity.,"strong, confident","evening, dinner"
Valentino,Valentino Uomo Intense EDP,EDP,Woody Spicy,Men,Strong,Strong,4.0,Valentino Uomo Intense EDP by Valentino is a EDP perfume designed for Men. It belongs to the Woody Spicy category and has Strong longevity.,"strong, confident","evening, dinner"
Valentino,Valentino Uomo Noir Absolu EDP,EDP,Woody Aromatic,Men,Strong,Strong,4.0,Valentino Uomo Noir Absolu EDP by Valentino is a EDP perfume designed for Men. It belongs to the Woody Aromatic category and has Strong longevity.,"relaxing, grounded","casual, work"
Valentino,Valentino Uomo Born in Roma EDP,EDP,Amber Woody,Men,Strong,Strong,4.0,Valentino Uomo Born in Roma EDP by Valentino is a EDP perfume designed for Men. It belongs to the Amber Woody category and has Strong longevity.,,
Louis Vuitton,Imagination,EDP,Woody Aromatic,Unisex,Strong,Strong,4.0,Imagination by Louis Vuitton is a EDP perfume designed for Unisex. It belongs to the Woody Aromatic category and has Strong longevity.,"relaxing, grounded","casual, work"
Louis Vuitton,L'Immensité,EDP,Aromatic Fougere,Men,Strong,Strong,4.0,L'Immensité by Louis Vuitton is a EDP perfume designed for Men. It belongs to the Aromatic Fougere category and has Strong longevity.,,
Louis Vuitton,Afternoon Swim,EDP,Citrus Aromatic,Unisex,Medium,Medium,3.0,Afternoon Swim by Louis Vuitton is a EDP perfume designed for Unisex. It belongs to the Citrus Aromatic category and has Medium longevity.,,
Louis Vuitton,Attrape-Rêves,EDP,Floriental,Female,Medium,Medium,3.0,Attrape-Rêves by Louis Vuitton is a EDP perfume designed for Female. It belongs to the Floriental category and has Medium longevity.,"elegant, sensual","evening, date"
Louis Vuitton,Heures d'Absence,EDP,Floriental,Female,Medium,Medium,3.0,Heures d'Absence by Louis Vuitton is a EDP perfume designed for Female. It belongs to the Floriental category and has Medium longevity.,"elegant, sensual","evening, date"
Louis Vuitton,Le Jour Se Lève,EDP,Floriental,Female,Medium,Medium,3.0,Le Jour Se Lève by Louis Vuitton is a EDP perfume designed for Female. It belongs to the Floriental category and has Medium longevity.,"elegant, sensual","evening, date"
Louis Vuitton,Rose des Vents,EDP,Floriental,Female,Medium,Medium,3.0,Rose des Vents by Louis Vuitton is a EDP perfume designed for Female. It belongs to the Floriental category and has Medium longevity.,"elegant, sensual","evening, date"
Louis Vuitton,Cœur Battant,EDP,Floriental,Female,Medium,Medium,3.0,Cœur Battant by Louis Vuitton is a EDP perfume designed for Female. It belongs to the Floriental category and has Medium longevity.,"elegant, sensual","evening, date"
Louis Vuitton,Matière Noire,EDP,Woody Floral,Unisex,Strong,Strong,4.0,Matière Noire by Louis Vuitton is a EDP perfume designed for Unisex. It belongs to the Woody Floral category and has Strong longevity.,"soft, warm","date, dinner"
Louis Vuitton,Spell on You,EDP,Floriental,Female,Medium,Medium,3.0,Spell on You by Louis Vuitton is a EDP perfume designed for Female. It belongs to the Floriental category and has Medium longevity.,"elegant, sensual","evening, date"
Louis Vuitton,Pacific Chill,EDP,Citrus Aromatic,Unisex,Medium,Medium,3.0,Pacific Chill by Louis Vuitton is a EDP perfume designed for Unisex. It belongs to the Citrus Aromatic category and has Medium longevity.,,
Louis Vuitton,California Dream,EDP,Citrus Aromatic,Unisex,Medium,Medium,3.0,California Dream by Louis Vuitton is a EDP perfume designed for Unisex. It belongs to the Citrus Aromatic category and has Medium longevity.,,
Louis Vuitton,City of Stars,EDP,Citrus Aromatic,Unisex,Medium,Medium,3.0,City of Stars by Louis Vuitton is a EDP perfume designed for Unisex. It belongs to the Citrus Aromatic category and has Medium longevity.,,
Louis Vuitton,Apogée,EDP,Floriental,Female,Medium,Medium,3.0,Apogée by Louis Vuitton is a EDP perfume designed for Female. It belongs to the Floriental category and has Medium longevity.,"elegant, sensual","evening, date"
Louis Vuitton,Au Hasard,EDP,Woody Spicy,Unisex,Strong,Strong,4.0,Au Hasard by Louis Vuitton is a EDP perfume designed for Unisex. It belongs to the Woody Spicy category and has Strong longevity.,"strong, confident","evening, dinner"
Louis Vuitton,Cactus Garden,EDP,Aromatic,Unisex,Medium,Medium,3.0,Cactus Garden by Louis Vuitton is a EDP perfume designed for Unisex. It belongs to the Aromatic category and has Medium longevity.,,
Louis Vuitton,Contre Moi,EDP,Floriental,Female,Medium,Medium,3.0,Contre Moi by Louis Vuitton is a EDP perfume designed for Female. It belongs to the Floriental category and has Medium longevity.,"elegant, sensual","evening, date"
Louis Vuitton,On the Beach,EDP,Citrus Aromatic,Unisex,Medium,Medium,3.0,On the Beach by Louis Vuitton is a EDP perfume designed for Unisex. It belongs to the Citrus Aromatic category and has Medium longevity.,,
Louis Vuitton,Les Sables Roses,EDP,Floriental,Unisex,Medium,Medium,3.0,Les Sables Roses by Louis Vuitton is a EDP perfume designed for Unisex. It belongs to the Floriental category and has Medium longevity.,"elegant, sensual","evening, date"
Louis Vuitton,Ombre Nomade,EDP,Oud,Unisex,Strong,Strong,4.0,Ombre Nomade by Louis Vuitton is a EDP perfume designed for Unisex. It belongs to the Oud category and has Strong longevity.,"luxurious, mysterious","evening, luxury events"
Louis Vuitton,Symphony,Extrait,Floriental,Unisex,Strong,Strong,4.0,Symphony by Louis Vuitton is a Extrait perfume designed for Unisex. It belongs to the Floriental category and has Strong longevity.,"elegant, sensual","evening, date"
Louis Vuitton,Dancing Blossom,Extrait,Floriental,Unisex,Strong,Strong,4.0,Dancing Blossom by Louis Vuitton is a Extrait perfume designed for Unisex. It belongs to the Floriental category and has Strong longevity.,"elegant, sensual","evening, date"
Louis Vuitton,Myriad,Extrait,Floriental,Unisex,Strong,Strong,4.0,Myriad by Louis Vuitton is a Extrait perfume designed for Unisex. It belongs to the Floriental category and has Strong longevity.,"elegant, sensual","evening, date"
Louis Vuitton,Rhapsody,Extrait,Floriental,Unisex,Strong,Strong,4.0,Rhapsody by Louis Vuitton is a Extrait perfume designed for Unisex. It belongs to the Floriental category and has Strong longevity.,"elegant, sensual","evening, date"
Prada,Paradoxe Eau de Parfum,EDP,Floriental,Female,Medium,Medium,3.0,Paradoxe Eau de Parfum by Prada is a EDP perfume designed for Female. It belongs to the Floriental category and has Medium longevity.,"elegant, sensual","evening, date"
Prada,Paradoxe Intense Eau de Parfum,EDP,Amber Floral,Female,Strong,Strong,4.0,Paradoxe Intense Eau de Parfum by Prada is a EDP perfume designed for Female. It belongs to the Amber Floral category and has Strong longevity.,,
Prada,Paradoxe Virtual Flower Eau de Parfum,EDP,Floral Fruity,Female,Medium,Medium,3.0,Paradoxe Virtual Flower Eau de Parfum by Prada is a EDP perfume designed for Female. It belongs to the Floral Fruity category and has Medium longevity.,"romantic, happy","daytime, casual"
Prada,Paradoxe Radical Essence Parfum,Parfum,Amber Woody,Female,Strong,Strong,4.0,Paradoxe Radical Essence Parfum by Prada is a Parfum perfume designed for Female. It belongs to the Amber Woody category and has Strong longevity.,,
Prada,Luna Rossa Eau de Parfum,EDP,Aromatic Fougere,Men,Medium,Medium,3.0,Luna Rossa Eau de Parfum by Prada is a EDP perfume designed for Men. It belongs to the Aromatic Fougere category and has Medium longevity.,,
Prada,Luna Rossa Ocean Eau de Parfum,EDP,Aquatic Aromatic,Men,Medium,Medium,3.0,Luna Rossa Ocean Eau de Parfum by Prada is a EDP perfume designed for Men. It belongs to the Aquatic Aromatic category and has Medium longevity.,,
Prada,Luna Rossa Carbon Eau de Parfum,EDP,Woody Aromatic,Men,Medium,Medium,3.0,Luna Rossa Carbon Eau de Parfum by Prada is a EDP perfume designed for Men. It belongs to the Woody Aromatic category and has Medium longevity.,"relaxing, grounded","casual, work"
Prada,Luna Rossa Extreme Eau de Parfum,EDP,Woody Spicy,Men,Strong,Strong,4.0,Luna Rossa Extreme Eau de Parfum by Prada is a EDP perfume designed for Men. It belongs to the Woody Spicy category and has Strong longevity.,"strong, confident","evening, dinner"
Prada,Luna Rossa Sport Eau de Parfum,EDP,Aromatic Aquatic,Men,Medium,Medium,3.0,Luna Rossa Sport Eau de Parfum by Prada is a EDP perfume designed for Men. It belongs to the Aromatic Aquatic category and has Medium longevity.,,
Prada,Luna Rossa Black Eau de Parfum,EDP,Woody Aromatic,Men,Strong,Strong,4.0,Luna Rossa Black Eau de Parfum by Prada is a EDP perfume designed for Men. It belongs to the Woody Aromatic category and has Strong longevity.,"relaxing, grounded","casual, work"
Prada,Luna Rossa Ocean Eau de Toilette,EDT,Aquatic Aromatic,Men,Light,Light,2.0,Luna Rossa Ocean Eau de Toilette by Prada is a EDT perfume designed for Men. It belongs to the Aquatic Aromatic category and has Light longevity.,,
Prada,Les Infusions de Mandarine Eau de Parfum,EDP,Citrus Aromatic,Unisex,Medium,Medium,3.0,Les Infusions de Mandarine Eau de Parfum by Prada is a EDP perfume designed for Unisex. It belongs to the Citrus Aromatic category and has Medium longevity.,,
Prada,Les Infusions de Vetiver Eau de Parfum,EDP,Woody Aromatic,Unisex,Medium,Medium,3.0,Les Infusions de Vetiver Eau de Parfum by Prada is a EDP perfume designed for Unisex. It belongs to the Woody Aromatic category and has Medium longevity.,"relaxing, grounded","casual, work"
Prada,Les Infusions de Iris Eau de Parfum,EDP,Floriental,Unisex,Medium,Medium,3.0,Les Infusions de Iris Eau de Parfum by Prada is a EDP perfume designed for Unisex. It belongs to the Floriental category and has Medium longevity.,"elegant, sensual","evening, date"
Prada,Les Infusions de Rose Eau de Parfum,EDP,Floriental,Unisex,Medium,Medium,3.0,Les Infusions de Rose Eau de Parfum by Prada is a EDP perfume designed for Unisex. It belongs to the Floriental category and has Medium longevity.,"elegant, sensual","evening, date"
Prada,Les Infusions de Vanille Eau de Parfum,EDP,Amber Vanilla,Unisex,Medium,Medium,3.0,Les Infusions de Vanille Eau de Parfum by Prada is a EDP perfume designed for Unisex. It belongs to the Amber Vanilla category and has Medium longevity.,,
Prada,Les Infusions de Cèdre Eau de Parfum,EDP,Woody Spicy,Unisex,Medium,Medium,3.0,Les Infusions de Cèdre Eau de Parfum by Prada is a EDP perfume designed for Unisex. It belongs to the Woody Spicy category and has Medium longevity.,"strong, confident","evening, dinner"
Prada,Les Infusions de Gingembre Eau de Parfum,EDP,Citrus Aromatic,Unisex,Medium,Medium,3.0,Les Infusions de Gingembre Eau de Parfum by Prada is a EDP perfume designed for Unisex. It belongs to the Citrus Aromatic category and has Medium longevity.,,
Prada,Les Infusions de Rhubarbe Eau de Parfum,EDP,Floral Fruity,Unisex,Medium,Medium,3.0,Les Infusions de Rhubarbe Eau de Parfum by Prada is a EDP perfume designed for Unisex. It belongs to the Floral Fruity category and has Medium longevity.,"romantic, happy","daytime, casual"
Prada,Les Infusions de Figue Eau de Parfum,EDP,Woody Fruity,Unisex,Medium,Medium,3.0,Les Infusions de Figue Eau de Parfum by Prada is a EDP perfume designed for Unisex. It belongs to the Woody Fruity category and has Medium longevity.,,
Prada,Prada Candy Eau de Parfum,EDP,Gourmand,Female,Medium,Medium,3.0,Prada Candy Eau de Parfum by Prada is a EDP perfume designed for Female. It belongs to the Gourmand category and has Medium longevity.,"playful, sweet","dessert, casual"
Prada,Prada Candy Night Eau de Parfum,EDP,Gourmand,Female,Medium,Medium,3.0,Prada Candy Night Eau de Parfum by Prada is a EDP perfume designed for Female. It belongs to the Gourmand category and has Medium longevity.,"playful, sweet","dessert, casual"
Prada,Prada Candy Florale Eau de Parfum,EDP,Gourmand Floral,Female,Medium,Medium,3.0,Prada Candy Florale Eau de Parfum by Prada is a EDP perfume designed for Female. It belongs to the Gourmand Floral category and has Medium longevity.,,
Prada,Prada Candy Kiss Eau de Parfum,EDP,Gourmand Floral,Female,Medium,Medium,3.0,Prada Candy Kiss Eau de Parfum by Prada is a EDP perfume designed for Female. It belongs to the Gourmand Floral category and has Medium longevity.,,
Prada,Prada Candy Gloss Eau de Parfum,EDP,Gourmand Fruity,Female,Medium,Medium,3.0,Prada Candy Gloss Eau de Parfum by Prada is a EDP perfume designed for Female. It belongs to the Gourmand Fruity category and has Medium longevity.,,
Prada,Prada Candy L'Eau Eau de Parfum,EDP,Gourmand Floral,Female,Medium,Medium,3.0,Prada Candy L'Eau Eau de Parfum by Prada is a EDP perfume designed for Female. It belongs to the Gourmand Floral category and has Medium longevity.,,
Prada,Prada Candy Sugar Pop Eau de Parfum,EDP,Gourmand Fruity,Female,Medium,Medium,3.0,Prada Candy Sugar Pop Eau de Parfum by Prada is a EDP perfume designed for Female. It belongs to the Gourmand Fruity category and has Medium longevity.,,
Victoria's Secret,Tease Eau de Parfum,EDP,Floriental,Female,Medium,Medium,3.0,Tease Eau de Parfum by Victoria's Secret is a EDP perfume designed for Female. It belongs to the Floriental category and has Medium longevity.,"elegant, sensual","evening, date"
Victoria's Secret,Tease Rebel Eau de Parfum,EDP,Floriental,Female,Medium,Medium,3.0,Tease Rebel Eau de Parfum by Victoria's Secret is a EDP perfume designed for Female. It belongs to the Floriental category and has Medium longevity.,"elegant, sensual","evening, date"
Victoria's Secret,Love Spell Eau de Toilette,EDT,Floral Fruity,Female,Light,Light,2.0,Love Spell Eau de Toilette by Victoria's Secret is a EDT perfume designed for Female. It belongs to the Floral Fruity category and has Light longevity.,"romantic, happy","daytime, casual"
Victoria's Secret,Very Sexy Eau de Parfum,EDP,Oriental Floral,Female,Medium,Medium,3.0,Very Sexy Eau de Parfum by Victoria's Secret is a EDP perfume designed for Female. It belongs to the Oriental Floral category and has Medium longevity.,,
Victoria's Secret,Very Sexy Now Eau de Parfum,EDP,Floriental,Female,Medium,Medium,3.0,Very Sexy Now Eau de Parfum by Victoria's Secret is a EDP perfume designed for Female. It belongs to the Floriental category and has Medium longevity.,"elegant, sensual","evening, date"
Victoria's Secret,Bombshell Eau de Parfum,EDP,Floriental Fruity,Female,Medium,Medium,3.0,Bombshell Eau de Parfum by Victoria's Secret is a EDP perfume designed for Female. It belongs to the Floriental Fruity category and has Medium longevity.,"elegant, playful","daytime, casual"
Victoria's Secret,Bombshell Intense Eau de Parfum,EDP,Floriental Fruity,Female,Medium,Medium,3.0,Bombshell Intense Eau de Parfum by Victoria's Secret is a EDP perfume designed for Female. It belongs to the Floriental Fruity category and has Medium longevity.,"elegant, playful","daytime, casual"
Victoria's Secret,Heavenly Eau de Parfum,EDP,Floriental,Female,Medium,Medium,3.0,Heavenly Eau de Parfum by Victoria's Secret is a EDP perfume designed for Female. It belongs to the Floriental category and has Medium longevity.,"elegant, sensual","evening, date"
Victoria's Secret,Scandalous Eau de Parfum,EDP,Amber Floral,Female,Medium,Medium,3.0,Scandalous Eau de Parfum by Victoria's Secret is a EDP perfume designed for Female. It belongs to the Amber Floral category and has Medium longevity.,,
Victoria's Secret,Victoria Eau de Parfum,EDP,Floriental,Female,Medium,Medium,3.0,Victoria Eau de Parfum by Victoria's Secret is a EDP perfume designed for Female. It belongs to the Floriental category and has Medium longevity.,"elegant, sensual","evening, date"
Victoria's Secret,Love Eau de Parfum,EDP,Floriental Fruity,Female,Medium,Medium,3.0,Love Eau de Parfum by Victoria's Secret is a EDP perfume designed for Female. It belongs to the Floriental Fruity category and has Medium longevity.,"elegant, playful","daytime, casual"
Victoria's Secret,Angelic Eau de Parfum,EDP,Floriental,Female,Medium,Medium,3.0,Angelic Eau de Parfum by Victoria's Secret is a EDP perfume designed for Female. It belongs to the Floriental category and has Medium longevity.,"elegant, sensual","evening, date"
Victoria's Secret,Very Sexy Angel Eau de Parfum,EDP,Floriental,Female,Medium,Medium,3.0,Very Sexy Angel Eau de Parfum by Victoria's Secret is a EDP perfume designed for Female. It belongs to the Floriental category and has Medium longevity.,"elegant, sensual","evening, date"
Victoria's Secret,Love Addict Eau de Parfum,EDP,Floriental Fruity,Female,Medium,Medium,3.0,Love Addict Eau de Parfum by Victoria's Secret is a EDP perfume designed for Female. It belongs to the Floriental Fruity category and has Medium longevity.,"elegant, playful","daytime, casual"
Victoria's Secret,Velvet Petals Eau de Parfum,EDP,Floriental,Female,Medium,Medium,3.0,Velvet Petals Eau de Parfum by Victoria's Secret is a EDP perfume designed for Female. It belongs to the Floriental category and has Medium longevity.,"elegant, sensual","evening, date"
Victoria's Secret,Secret Charm Eau de Parfum,EDP,Floriental Fruity,Female,Medium,Medium,3.0,Secret Charm Eau de Parfum by Victoria's Secret is a EDP perfume designed for Female. It belongs to the Floriental Fruity category and has Medium longevity.,"elegant, playful","daytime, casual"
Victoria's Secret,Love Me Eau de Parfum,EDP,Floriental,Female,Medium,Medium,3.0,Love Me Eau de Parfum by Victoria's Secret is a EDP perfume designed for Female. It belongs to the Floriental category and has Medium longevity.,"elegant, sensual","evening, date"
Victoria's Secret,Fantasy Eau de Parfum,EDP,Floriental Fruity,Female,Medium,Medium,3.0,Fantasy Eau de Parfum by Victoria's Secret is a EDP perfume designed for Female. It belongs to the Floriental Fruity category and has Medium longevity.,"elegant, playful","daytime, casual"
Victoria's Secret,Midnight Fantasy Eau de Parfum,EDP,Floriental Fruity,Female,Medium,Medium,3.0,Midnight Fantasy Eau de Parfum by Victoria's Secret is a EDP perfume designed for Female. It belongs to the Floriental Fruity category and has Medium longevity.,"elegant, playful","daytime, casual"
Victoria's Secret,Love by Victoria Eau de Parfum,EDP,Floriental Fruity,Female,Medium,Medium,3.0,Love by Victoria Eau de Parfum by Victoria's Secret is a EDP perfume designed for Female. It belongs to the Floriental Fruity category and has Medium longevity.,"elegant, playful","daytime, casual"
Victoria's Secret,Bombshell Seduction Eau de Parfum,EDP,Floriental Fruity,Female,Medium,Medium,3.0,Bombshell Seduction Eau de Parfum by Victoria's Secret is a EDP perfume designed for Female. It belongs to the Floriental Fruity category and has Medium longevity.,"elegant, playful","daytime, casual"
Victoria's Secret,Very Sexy Now Eau de Parfum,EDP,Floriental,Female,Medium,Medium,3.0,Very Sexy Now Eau de Parfum by Victoria's Secret is a EDP perfume designed for Female. It belongs to the Floriental category and has Medium longevity.,"elegant, sensual","evening, date"
Victoria's Secret,Tease Rebel Eau de Parfum,EDP,Floriental,Female,Medium,Medium,3.0,Tease Rebel Eau de Parfum by Victoria's Secret is a EDP perfume designed for Female. It belongs to the Floriental category and has Medium longevity.,"elegant, sensual","evening, date"
Victoria's Secret,Love Spell Eau de Parfum,EDP,Floriental Fruity,Female,Medium,Medium,3.0,Love Spell Eau de Parfum by Victoria's Secret is a EDP perfume designed for Female. It belongs to the Floriental Fruity category and has Medium longevity.,"elegant, playful","daytime, casual"
Guerlain,Shalimar Eau de Parfum,EDP,Oriental,Female,Strong,Strong,4.0,Shalimar Eau de Parfum by Guerlain is a EDP perfume designed for Female. It belongs to the Oriental category and has Strong longevity.,,
Guerlain,Shalimar Souffle de Parfum,EDP,Floriental,Female,Medium,Medium,3.0,Shalimar Souffle de Parfum by Guerlain is a EDP perfume designed for Female. It belongs to the Floriental category and has Medium longevity.,"elegant, sensual","evening, date"
Guerlain,Shalimar Parfum Initial Eau de Parfum,EDP,Floriental,Female,Medium,Medium,3.0,Shalimar Parfum Initial Eau de Parfum by Guerlain is a EDP perfume designed for Female. It belongs to the Floriental category and has Medium longevity.,"elegant, sensual","evening, date"
Guerlain,Shalimar Cologne,EDT,Citrus,Female,Light,Light,2.0,Shalimar Cologne by Guerlain is a EDT perfume designed for Female. It belongs to the Citrus category and has Light longevity.,,
Guerlain,Mon Guerlain Eau de Parfum,EDP,Amber Floral,Female,Medium,Medium,3.0,Mon Guerlain Eau de Parfum by Guerlain is a EDP perfume designed for Female. It belongs to the Amber Floral category and has Medium longevity.,,
Guerlain,Mon Guerlain Bloom of Rose Eau de Parfum,EDP,Floriental,Female,Medium,Medium,3.0,Mon Guerlain Bloom of Rose Eau de Parfum by Guerlain is a EDP perfume designed for Female. It belongs to the Floriental category and has Medium longevity.,"elegant, sensual","evening, date"
Guerlain,Mon Guerlain Intense Eau de Parfum,EDP,Amber Floral,Female,Medium,Medium,3.0,Mon Guerlain Intense Eau de Parfum by Guerlain is a EDP perfume designed for Female. It belongs to the Amber Floral category and has Medium longevity.,,
Guerlain,La Petite Robe Noire Eau de Parfum,EDP,Floriental Fruity,Female,Medium,Medium,3.0,La Petite Robe Noire Eau de Parfum by Guerlain is a EDP perfume designed for Female. It belongs to the Floriental Fruity category and has Medium longevity.,"elegant, playful","daytime, casual"
Guerlain,La Petite Robe Noire Intense Eau de Parfum,EDP,Floriental Fruity,Female,Medium,Medium,3.0,La Petite Robe Noire Intense Eau de Parfum by Guerlain is a EDP perfume designed for Female. It belongs to the Floriental Fruity category and has Medium longevity.,"elegant, playful","daytime, casual"
Guerlain,La Petite Robe Noire Black Perfecto Eau de Parfum,EDP,Floriental,Female,Medium,Medium,3.0,La Petite Robe Noire Black Perfecto Eau de Parfum by Guerlain is a EDP perfume designed for Female. It belongs to the Floriental category and has Medium longevity.,"elegant, sensual","evening, date"
Guerlain,L'Instant de Guerlain Eau de Parfum,EDP,Floriental,Female,Medium,Medium,3.0,L'Instant de Guerlain Eau de Parfum by Guerlain is a EDP perfume designed for Female. It belongs to the Floriental category and has Medium longevity.,"elegant, sensual","evening, date"
Guerlain,L'Instant de Guerlain Eau de Toilette,EDT,Floriental,Female,Light,Light,2.0,L'Instant de Guerlain Eau de Toilette by Guerlain is a EDT perfume designed for Female. It belongs to the Floriental category and has Light longevity.,"elegant, sensual","evening, date"
Guerlain,Idylle Eau de Parfum,EDP,Floriental,Female,Medium,Medium,3.0,Idylle Eau de Parfum by Guerlain is a EDP perfume designed for Female. It belongs to the Floriental category and has Medium longevity.,"elegant, sensual","evening, date"
Guerlain,Idylle Eau de Toilette,EDT,Floriental,Female,Light,Light,2.0,Idylle Eau de Toilette by Guerlain is a EDT perfume designed for Female. It belongs to the Floriental category and has Light longevity.,"elegant, sensual","evening, date"
Diptyque,Philosykos Eau de Toilette,EDT,Woody Fruity,Unisex,Medium,Medium,3.0,Philosykos Eau de Toilette by Diptyque is a EDT perfume designed for Unisex. It belongs to the Woody Fruity category and has Medium longevity.,,
Diptyque,Do Son Eau de Toilette,EDT,Floral,Unisex,Medium,Medium,3.0,Do Son Eau de Toilette by Diptyque is a EDT perfume designed for Unisex. It belongs to the Floral category and has Medium longevity.,,
Diptyque,L'Ombre dans l'Eau Eau de Toilette,EDT,Floral Fruity,Unisex,Medium,Medium,3.0,L'Ombre dans l'Eau Eau de Toilette by Diptyque is a EDT perfume designed for Unisex. It belongs to the Floral Fruity category and has Medium longevity.,"romantic, happy","daytime, casual"
Diptyque,Tubéreuse Eau de Toilette,EDT,Floral,Unisex,Medium,Medium,3.0,Tubéreuse Eau de Toilette by Diptyque is a EDT perfume designed for Unisex. It belongs to the Floral category and has Medium longevity.,,
Diptyque,Eau Rose Eau de Toilette,EDT,Floral,Unisex,Medium,Medium,3.0,Eau Rose Eau de Toilette by Diptyque is a EDT perfume designed for Unisex. It belongs to the Floral category and has Medium longevity.,,
Diptyque,Fleur de Peau Eau de Parfum,EDP,Floriental,Unisex,Medium,Medium,3.0,Fleur de Peau Eau de Parfum by Diptyque is a EDP perfume designed for Unisex. It belongs to the Floriental category and has Medium longevity.,"elegant, sensual","evening, date"
Diptyque,Volutes Eau de Parfum,EDP,Oriental,Unisex,Medium,Medium,3.0,Volutes Eau de Parfum by Diptyque is a EDP perfume designed for Unisex. It belongs to the Oriental category and has Medium longevity.,,
Diptyque,Santé Eau de Toilette,EDT,Citrus Aromatic,Unisex,Light,Light,2.0,Santé Eau de Toilette by Diptyque is a EDT perfume designed for Unisex. It belongs to the Citrus Aromatic category and has Light longevity.,,
Diptyque,Oud Palao Eau de Parfum,EDP,Oud Floral,Unisex,Strong,Strong,4.0,Oud Palao Eau de Parfum by Diptyque is a EDP perfume designed for Unisex. It belongs to the Oud Floral category and has Strong longevity.,"sensual, elegant","special occasions, evening"
Diptyque,Do Son Eau de Parfum,EDP,Floral,Unisex,Medium,Medium,3.0,Do Son Eau de Parfum by Diptyque is a EDP perfume designed for Unisex. It belongs to the Floral category and has Medium longevity.,,
Jo Malone,English Pear & Freesia Cologne,Cologne,Floral Fruity,Unisex,Medium,Medium,3.0,English Pear & Freesia Cologne by Jo Malone is a Cologne perfume designed for Unisex. It belongs to the Floral Fruity category and has Medium longevity.,"romantic, happy","daytime, casual"
Jo Malone,Peony & Blush Suede Cologne,Cologne,Floral,Female,Medium,Medium,3.0,Peony & Blush Suede Cologne by Jo Malone is a Cologne perfume designed for Female. It belongs to the Floral category and has Medium longevity.,,
Jo Malone,Lime Basil & Mandarin Cologne,Cologne,Citrus Aromatic,Unisex,Medium,Medium,3.0,Lime Basil & Mandarin Cologne by Jo Malone is a Cologne perfume designed for Unisex. It belongs to the Citrus Aromatic category and has Medium longevity.,,
Jo Malone,Wood Sage & Sea Salt Cologne,Cologne,Woody Aromatic,Unisex,Medium,Medium,3.0,Wood Sage & Sea Salt Cologne by Jo Malone is a Cologne perfume designed for Unisex. It belongs to the Woody Aromatic category and has Medium longevity.,"relaxing, grounded","casual, work"
Jo Malone,Pomegranate Noir Cologne,Cologne,Oriental Fruity,Female,Medium,Medium,3.0,Pomegranate Noir Cologne by Jo Malone is a Cologne perfume designed for Female. It belongs to the Oriental Fruity category and has Medium longevity.,,
Jo Malone,Nectarine Blossom & Honey Cologne,Cologne,Floral Fruity,Female,Medium,Medium,3.0,Nectarine Blossom & Honey Cologne by Jo Malone is a Cologne perfume designed for Female. It belongs to the Floral Fruity category and has Medium longevity.,"romantic, happy","daytime, casual"
Jo Malone,Red Roses Cologne,Cologne,Floral,Female,Medium,Medium,3.0,Red Roses Cologne by Jo Malone is a Cologne perfume designed for Female. It belongs to the Floral category and has Medium longevity.,,
Jo Malone,Amber & Lavender Cologne,Cologne,Amber Floral,Unisex,Medium,Medium,3.0,Amber & Lavender Cologne by Jo Malone is a Cologne perfume designed for Unisex. It belongs to the Amber Floral category and has Medium longevity.,,
Jo Malone,Peony & Blush Suede Cologne,Cologne,Floral,Female,Medium,Medium,3.0,Peony & Blush Suede Cologne by Jo Malone is a Cologne perfume designed for Female. It belongs to the Floral category and has Medium longevity.,,
Jo Malone,Wild Bluebell Cologne,Cologne,Floral,Female,Medium,Medium,3.0,Wild Bluebell Cologne by Jo Malone is a Cologne perfume designed for Female. It belongs to the Floral category and has Medium longevity.,,
Jo Malone,English Oak & Redcurrant Cologne,Cologne,Woody Fruity,Unisex,Medium,Medium,3.0,English Oak & Redcurrant Cologne by Jo Malone is a Cologne perfume designed for Unisex. It belongs to the Woody Fruity category and has Medium longevity.,,
Ralph Lauren,Ralph Eau de Parfum,EDP,Floriental,Female,Medium,Medium,3.0,Ralph Eau de Parfum by Ralph Lauren is a EDP perfume designed for Female. It belongs to the Floriental category and has Medium longevity.,"elegant, sensual","evening, date"
Ralph Lauren,Ralph Eau de Toilette,EDT,Floriental,Female,Medium,Medium,3.0,Ralph Eau de Toilette by Ralph Lauren is a EDT perfume designed for Female. It belongs to the Floriental category and has Medium longevity.,"elegant, sensual","evening, date"
Ralph Lauren,Romance Eau de Parfum,EDP,Floriental,Female,Medium,Medium,3.0,Romance Eau de Parfum by Ralph Lauren is a EDP perfume designed for Female. It belongs to the Floriental category and has Medium longevity.,"elegant, sensual","evening, date"
Ralph Lauren,Romance Eau de Toilette,EDT,Floriental,Female,Medium,Medium,3.0,Romance Eau de Toilette by Ralph Lauren is a EDT perfume designed for Female. It belongs to the Floriental category and has Medium longevity.,"elegant, sensual","evening, date"
Ralph Lauren,Notorious Eau de Parfum,EDP,Floriental,Female,Medium,Medium,3.0,Notorious Eau de Parfum by Ralph Lauren is a EDP perfume designed for Female. It belongs to the Floriental category and has Medium longevity.,"elegant, sensual","evening, date"
Ralph Lauren,Blue Eau de Toilette,EDT,Aromatic Fougere,Men,Medium,Medium,3.0,Blue Eau de Toilette by Ralph Lauren is a EDT perfume designed for Men. It belongs to the Aromatic Fougere category and has Medium longevity.,,
Ralph Lauren,Polo Black Eau de Parfum,EDP,Woody Aromatic,Men,Medium,Medium,3.0,Polo Black Eau de Parfum by Ralph Lauren is a EDP perfume designed for Men. It belongs to the Woody Aromatic category and has Medium longevity.,"relaxing, grounded","casual, work"
Ralph Lauren,Polo Red Eau de Parfum,EDP,Woody Spicy,Men,Medium,Medium,3.0,Polo Red Eau de Parfum by Ralph Lauren is a EDP perfume designed for Men. It belongs to the Woody Spicy category and has Medium longevity.,"strong, confident","evening, dinner"
Ralph Lauren,Polo Blue Eau de Parfum,EDP,Aromatic Fougere,Men,Medium,Medium,3.0,Polo Blue Eau de Parfum by Ralph Lauren is a EDP perfume designed for Men. It belongs to the Aromatic Fougere category and has Medium longevity.,,
Ralph Lauren,Polo Green Eau de Parfum,EDP,Woody Aromatic,Men,Medium,Medium,3.0,Polo Green Eau de Parfum by Ralph Lauren is a EDP perfume designed for Men. It belongs to the Woody Aromatic category and has Medium longevity.,"relaxing, grounded","casual, work"
Ralph Lauren,Polo Eau de Toilette,EDT,Woody Aromatic,Men,Medium,Medium,3.0,Polo Eau de Toilette by Ralph Lauren is a EDT perfume designed for Men. It belongs to the Woody Aromatic category and has Medium longevity.,"relaxing, grounded","casual, work"
Lattafa,Abaan,EDP,Unknown,Unisex,Medium,Medium,3.0,Abaan by Lattafa is a EDP perfume designed for Unisex. It belongs to the Unknown category and has Medium longevity.,,
Lattafa,Adeeb,EDP,Unknown,Unisex,Medium,Medium,3.0,Adeeb by Lattafa is a EDP perfume designed for Unisex. It belongs to the Unknown category and has Medium longevity.,,
Lattafa,Afeef,EDP,Unknown,Unisex,Medium,Medium,3.0,Afeef by Lattafa is a EDP perfume designed for Unisex. It belongs to the Unknown category and has Medium longevity.,,
Lattafa,Afkaar,EDP,Unknown,Unisex,Medium,Medium,3.0,Afkaar by Lattafa is a EDP perfume designed for Unisex. It belongs to the Unknown category and has Medium longevity.,,
Lattafa,Al Awsaaf,EDP,Unknown,Unisex,Medium,Medium,3.0,Al Awsaaf by Lattafa is a EDP perfume designed for Unisex. It belongs to the Unknown category and has Medium longevity.,,
Lattafa,Al Azal,EDP,Unknown,Men,Medium,Medium,3.0,Al Azal by Lattafa is a EDP perfume designed for Men. It belongs to the Unknown category and has Medium longevity.,,
Lattafa,Al Dur Al Maknoon Gold,EDP,Unknown,Unisex,Strong,Strong,4.0,Al Dur Al Maknoon Gold by Lattafa is a EDP perfume designed for Unisex. It belongs to the Unknown category and has Strong longevity.,,
Lattafa,Al Dur Al Maknoon Silver,EDP,Unknown,Unisex,Strong,Strong,4.0,Al Dur Al Maknoon Silver by Lattafa is a EDP perfume designed for Unisex. It belongs to the Unknown category and has Strong longevity.,,
Lattafa,Qaeed Al Fursan,EDP,Oriental Woody,Unisex,Strong,Strong,4.0,Qaeed Al Fursan by Lattafa is a EDP perfume designed for Unisex. It belongs to the Oriental Woody category and has Strong longevity.,"mysterious, deep","formal, dinner"
Lattafa,Al Muarikh The Historian,EDP,Unknown,Unisex,Medium,Medium,3.0,Al Muarikh The Historian by Lattafa is a EDP perfume designed for Unisex. It belongs to the Unknown category and has Medium longevity.,,
Lattafa,Al Najris,EDP,Unknown,Unisex,Medium,Medium,3.0,Al Najris by Lattafa is a EDP perfume designed for Unisex. It belongs to the Unknown category and has Medium longevity.,,
Lattafa,Ameer Al Oudh,EDP,Unknown,Unisex,Strong,Strong,4.0,Ameer Al Oudh by Lattafa is a EDP perfume designed for Unisex. It belongs to the Unknown category and has Strong longevity.,,
Lattafa,Ameer Al Oudh Intense Oud,EDP,Unknown,Unisex,Strong,Strong,4.0,Ameer Al Oudh Intense Oud by Lattafa is a EDP perfume designed for Unisex. It belongs to the Unknown category and has Strong longevity.,,
Lattafa,Amwaaj Al Oud,EDP,Unknown,Unisex,Medium,Medium,3.0,Amwaaj Al Oud by Lattafa is a EDP perfume designed for Unisex. It belongs to the Unknown category and has Medium longevity.,,
Lattafa,Anfas Oud,EDP,Unknown,Unisex,Medium,Medium,3.0,Anfas Oud by Lattafa is a EDP perfume designed for Unisex. It belongs to the Unknown category and has Medium longevity.,,
Lattafa,Angham,EDP,Unknown,Unisex,Strong,Strong,4.0,Angham by Lattafa is a EDP perfume designed for Unisex. It belongs to the Unknown category and has Strong longevity.,,
Lattafa,Atheeri,EDP,Unknown,Female,Medium,Medium,3.0,Atheeri by Lattafa is a EDP perfume designed for Female. It belongs to the Unknown category and has Medium longevity.,,
Lattafa,Atlas,EDP,Unknown,Unisex,Medium,Medium,3.0,Atlas by Lattafa is a EDP perfume designed for Unisex. It belongs to the Unknown category and has Medium longevity.,,
Lattafa,Aura,EDP,Unknown,Unisex,Medium,Medium,3.0,Aura by Lattafa is a EDP perfume designed for Unisex. It belongs to the Unknown category and has Medium longevity.,,
Lattafa,Awraq Al Oud,EDP,Unknown,Unisex,Strong,Strong,4.0,Awraq Al Oud by Lattafa is a EDP perfume designed for Unisex. It belongs to the Unknown category and has Strong longevity.,,
Lattafa,Asad,EDP,Unknown,Unisex,Strong,Strong,4.0,Asad by Lattafa is a EDP perfume designed for Unisex. It belongs to the Unknown category and has Strong longevity.,,
Lattafa,Asad Bourbon,EDP,Unknown,Unisex,Medium,Medium,3.0,Asad Bourbon by Lattafa is a EDP perfume designed for Unisex. It belongs to the Unknown category and has Medium longevity.,,
Lattafa,Bade'e Al Oud Honor & Glory,EDP,Unknown,Unisex,Strong,Strong,4.0,Bade'e Al Oud Honor & Glory by Lattafa is a EDP perfume designed for Unisex. It belongs to the Unknown category and has Strong longevity.,,
Lattafa,Bade'e Al Oud Sublime,EDP,Unknown,Unisex,Strong,Strong,4.0,Bade'e Al Oud Sublime by Lattafa is a EDP perfume designed for Unisex. It belongs to the Unknown category and has Strong longevity.,,
Lattafa,Eclaire,EDP,Floral Fruity Gourmand,Women,Strong,Strong,4.0,Eclaire by Lattafa is a EDP perfume designed for Women. It belongs to the Floral Fruity Gourmand category and has Strong longevity.,,
Lattafa,Fakhar,EDP,Unknown,Unisex,Medium,Medium,3.0,Fakhar by Lattafa is a EDP perfume designed for Unisex. It belongs to the Unknown category and has Medium longevity.,,
Lattafa,Fakhar Black,EDP,Unknown,Unisex,Medium,Medium,3.0,Fakhar Black by Lattafa is a EDP perfume designed for Unisex. It belongs to the Unknown category and has Medium longevity.,,
Lattafa,Khamrah,EDP,Unknown,Unisex,Strong,Strong,4.0,Khamrah by Lattafa is a EDP perfume designed for Unisex. It belongs to the Unknown category and has Strong longevity.,,
Lattafa,Khamrah Qahwa,EDP,Unknown,Unisex,Strong,Strong,4.0,Khamrah Qahwa by Lattafa is a EDP perfume designed for Unisex. It belongs to the Unknown category and has Strong longevity.,,
Lattafa,Khamrah Dukhan,EDP,Unknown,Unisex,Strong,Strong,4.0,Khamrah Dukhan by Lattafa is a EDP perfume designed for Unisex. It belongs to the Unknown category and has Strong longevity.,,
Lattafa,Liam,EDP,Unknown,Unisex,Strong,Strong,4.0,Liam by Lattafa is a EDP perfume designed for Unisex. It belongs to the Unknown category and has Strong longevity.,,
Lattafa,Nebras,EDP,Unknown,Unisex,Medium,Medium,3.0,Nebras by Lattafa is a EDP perfume designed for Unisex. It belongs to the Unknown category and has Medium longevity.,,
Lattafa,Raghba,EDP,Unknown,Unisex,Strong,Strong,4.0,Raghba by Lattafa is a EDP perfume designed for Unisex. It belongs to the Unknown category and has Strong longevity.,,
Lattafa,Dynasty,EDP,Woody Spicy,Unisex,Medium,Medium,3.0,Dynasty by Lattafa is a EDP perfume designed for Unisex. It belongs to the Woody Spicy category and has Medium longevity.,"strong, confident","evening, dinner"
Lattafa,Victoria,EDP,Unknown,Unisex,Medium,Medium,3.0,Victoria by Lattafa is a EDP perfume designed for Unisex. It belongs to the Unknown category and has Medium longevity.,,
Lattafa,The Kingdom (Women),EDP,Floral Fruity Gourmand,Women,Medium,Medium,3.0,The Kingdom (Women) by Lattafa is a EDP perfume designed for Women. It belongs to the Floral Fruity Gourmand category and has Medium longevity.,,
Maison Alhambra,Bright Peach,EDP,Fruity Floral,Unisex,Strong,Strong,4.0,Bright Peach by Maison Alhambra is a EDP perfume designed for Unisex. It belongs to the Fruity Floral category and has Strong longevity.,"sweet, cheerful","daytime, brunch"
Maison Alhambra,Woody Oud,EDP,Woody Spicy,Unisex,Medium,Medium,3.0,Woody Oud by Maison Alhambra is a EDP perfume designed for Unisex. It belongs to the Woody Spicy category and has Medium longevity.,"strong, confident","evening, dinner"
Maison Alhambra,Lovely Cherie,EDP,Cherry Gourmand,Unisex,Medium,Medium,3.0,Lovely Cherie by Maison Alhambra is a EDP perfume designed for Unisex. It belongs to the Cherry Gourmand category and has Medium longevity.,,
Maison Alhambra,Toscano Leather,EDP,Leather,Unisex,Light,Light,2.0,Toscano Leather by Maison Alhambra is a EDP perfume designed for Unisex. It belongs to the Leather category and has Light longevity.,,
Maison Alhambra,Yeah,EDP,Fresh Aromatic,Unisex,Light,Light,2.0,Yeah by Maison Alhambra is a EDP perfume designed for Unisex. It belongs to the Fresh Aromatic category and has Light longevity.,"bright, uplifting","daily, errands"
Maison Alhambra,Tobacco Touch,EDP,Amber Tobacco,Unisex,Medium,Medium,3.0,Tobacco Touch by Maison Alhambra is a EDP perfume designed for Unisex. It belongs to the Amber Tobacco category and has Medium longevity.,,
Maison Alhambra,Jorge di Profumo,EDP,Aquatic Aromatic,Unisex,Light,Light,2.0,Jorge di Profumo by Maison Alhambra is a EDP perfume designed for Unisex. It belongs to the Aquatic Aromatic category and has Light longevity.,,
Maison Alhambra,Porto Neroli,EDP,Citrus Aromatic,Unisex,Medium,Medium,3.0,Porto Neroli by Maison Alhambra is a EDP perfume designed for Unisex. It belongs to the Citrus Aromatic category and has Medium longevity.,,
Maison Alhambra,Intense Peach,EDP,Fruity Floral,Unisex,Medium,Medium,3.0,Intense Peach by Maison Alhambra is a EDP perfume designed for Unisex. It belongs to the Fruity Floral category and has Medium longevity.,"sweet, cheerful","daytime, brunch"
Maison Alhambra,Sceptre Bronzite,EDP,Unknown,Unisex,Medium,Medium,3.0,Sceptre Bronzite by Maison Alhambra is a EDP perfume designed for Unisex. It belongs to the Unknown category and has Medium longevity.,,
Maison Alhambra,Kismet Angel,EDP,Unknown,Unisex,Medium,Medium,3.0,Kismet Angel by Maison Alhambra is a EDP perfume designed for Unisex. It belongs to the Unknown category and has Medium longevity.,,
Maison Alhambra,Tabac,EDP,Tabac Accord,Unisex,Medium,Medium,3.0,Tabac by Maison Alhambra is a EDP perfume designed for Unisex. It belongs to the Tabac Accord category and has Medium longevity.,,
Maison Alhambra,Signatures No. III,EDP,Unknown,Unisex,Medium,Medium,3.0,Signatures No. III by Maison Alhambra is a EDP perfume designed for Unisex. It belongs to the Unknown category and has Medium longevity.,,
Maison Alhambra,Zaffiro Crafted Oud,EDP,Unknown,Unisex,Strong,Strong,4.0,Zaffiro Crafted Oud by Maison Alhambra is a EDP perfume designed for Unisex. It belongs to the Unknown category and has Strong longevity.,,
Maison Alhambra,Amber & Leather,EDP,Amber Leather,Unisex,Strong,Strong,4.0,Amber & Leather by Maison Alhambra is a EDP perfume designed for Unisex. It belongs to the Amber Leather category and has Strong longevity.,,
Maison Alhambra,Salvo Elixir,EDP,Unknown,Unisex,Strong,Strong,4.0,Salvo Elixir by Maison Alhambra is a EDP perfume designed for Unisex. It belongs to the Unknown category and has Strong longevity.,,
Maison Alhambra,Perseus,EDP,Unknown,Unisex,Strong,Strong,4.0,Perseus by Maison Alhambra is a EDP perfume designed for Unisex. It belongs to the Unknown category and has Strong longevity.,,
Maison Alhambra,Black Origami,EDP,Floral Chocolate,Unisex,Medium,Medium,3.0,Black Origami by Maison Alhambra is a EDP perfume designed for Unisex. It belongs to the Floral Chocolate category and has Medium longevity.,,
Maison Alhambra,Floral Ambrosia,EDP,Floriental,Unisex,Medium,Medium,3.0,Floral Ambrosia by Maison Alhambra is a EDP perfume designed for Unisex. It belongs to the Floriental category and has Medium longevity.,"elegant, sensual","evening, date"
Maison Alhambra,Kingsman,EDP,Woody Aromatic,Unisex,Medium,Medium,3.0,Kingsman by Maison Alhambra is a EDP perfume designed for Unisex. It belongs to the Woody Aromatic category and has Medium longevity.,"relaxing, grounded","casual, work"
Maison Alhambra,Rose Oud,EDP,Amber Floral,Unisex,Medium,Medium,3.0,Rose Oud by Maison Alhambra is a EDP perfume designed for Unisex. It belongs to the Amber Floral category and has Medium longevity.,,
Maison Alhambra,Karat,EDP,Gourmand,Unisex,Medium,Medium,3.0,Karat by Maison Alhambra is a EDP perfume designed for Unisex. It belongs to the Gourmand category and has Medium longevity.,"playful, sweet","dessert, casual"
Maison Alhambra,Opera Noir,EDP,Oriental Floral,Unisex,Medium,Medium,3.0,Opera Noir by Maison Alhambra is a EDP perfume designed for Unisex. It belongs to the Oriental Floral category and has Medium longevity.,,
Maison Alhambra,Amberley Ombre Blue,EDP,Patchouli Fig,Unisex,Strong,Strong,4.0,Amberley Ombre Blue by Maison Alhambra is a EDP perfume designed for Unisex. It belongs to the Patchouli Fig category and has Strong longevity.,,
Maison Alhambra,Amberley Pur Oud,EDP,Woody Oud,Unisex,Strong,Strong,4.0,Amberley Pur Oud by Maison Alhambra is a EDP perfume designed for Unisex. It belongs to the Woody Oud category and has Strong longevity.,,
Ajmal,Evoke For Him,EDP,Aromatic,Men,Strong,Strong,4.0,Evoke For Him by Ajmal is a EDP perfume designed for Men. It belongs to the Aromatic category and has Strong longevity.,,
Ajmal,Blu,EDP,Floral Aquatic,Men,Medium,Medium,3.0,Blu by Ajmal is a EDP perfume designed for Men. It belongs to the Floral Aquatic category and has Medium longevity.,,
Ajmal,Amber Wood,EDP,Woody Amber,Unisex,Medium,Medium,3.0,Amber Wood by Ajmal is a EDP perfume designed for Unisex. It belongs to the Woody Amber category and has Medium longevity.,,
Ajmal,Wisal Layel,EDP,Fruity Floral Woody,Unisex,Strong,Strong,4.0,Wisal Layel by Ajmal is a EDP perfume designed for Unisex. It belongs to the Fruity Floral Woody category and has Strong longevity.,,
Ajmal,Amber Musc,EDP,Amber Musk,Unisex,Strong,Strong,4.0,Amber Musc by Ajmal is a EDP perfume designed for Unisex. It belongs to the Amber Musk category and has Strong longevity.,,
Ajmal,Patchouli Wood,EDP,Woody Spicy,Unisex,Medium,Medium,3.0,Patchouli Wood by Ajmal is a EDP perfume designed for Unisex. It belongs to the Woody Spicy category and has Medium longevity.,"strong, confident","evening, dinner"
Ajmal,Moshriqa,EDP,Floral Spicy Oriental,Unisex,Strong,Strong,4.0,Moshriqa by Ajmal is a EDP perfume designed for Unisex. It belongs to the Floral Spicy Oriental category and has Strong longevity.,,
Ajmal,Musk Rose,Alcohol-free,Floral Musk,Unisex,Strong,Strong,4.0,Musk Rose by Ajmal is a Alcohol-free perfume designed for Unisex. It belongs to the Floral Musk category and has Strong longevity.,,
Ajmal,Oudh Mukhallat,Attar,Oudh Blend,Unisex,Strong,Strong,4.0,Oudh Mukhallat by Ajmal is a Attar perfume designed for Unisex. It belongs to the Oudh Blend category and has Strong longevity.,,
Ajmal,Dahn Al Oudh Zayeed,Concentrate,Rich Oudh,Unisex,Strong,Strong,4.0,Dahn Al Oudh Zayeed by Ajmal is a Concentrate perfume designed for Unisex. It belongs to the Rich Oudh category and has Strong longevity.,,
Ajmal,Majmua,Concentrate,Floral Amber Woody,Unisex,Strong,Strong,4.0,Majmua by Ajmal is a Concentrate perfume designed for Unisex. It belongs to the Floral Amber Woody category and has Strong longevity.,,
Ajmal,1001 Nights,EDP,Woody Spicy,Unisex,Medium,Medium,3.0,1001 Nights by Ajmal is a EDP perfume designed for Unisex. It belongs to the Woody Spicy category and has Medium longevity.,"strong, confident","evening, dinner"
Ajmal,Kuro,EDP,Fresh Spicy,Unisex,Light,Light,2.0,Kuro by Ajmal is a EDP perfume designed for Unisex. It belongs to the Fresh Spicy category and has Light longevity.,"vibrant, lively","outdoors, casual"
Ajmal,Silver Shade,EDP,Floral Powdery,Unisex,Light,Light,2.0,Silver Shade by Ajmal is a EDP perfume designed for Unisex. It belongs to the Floral Powdery category and has Light longevity.,,
Ajmal,Wisal Dhahab,EDP,Floral Oriental,Unisex,Strong,Strong,4.0,Wisal Dhahab by Ajmal is a EDP perfume designed for Unisex. It belongs to the Floral Oriental category and has Strong longevity.,,
Ajmal,Bombay Dreams,EDP,Floral,Women,Medium,Medium,3.0,Bombay Dreams by Ajmal is a EDP perfume designed for Women. It belongs to the Floral category and has Medium longevity.,,
Ajmal,Artisan Fleur Silk,EDP,Floral,Women,Medium,Medium,3.0,Artisan Fleur Silk by Ajmal is a EDP perfume designed for Women. It belongs to the Floral category and has Medium longevity.,,
Ajmal,Amber Musc Noir (Amber Musk EDP),EDP,Amber Musk,Unisex,Strong,Strong,4.0,Amber Musc Noir (Amber Musk EDP) by Ajmal is a EDP perfume designed for Unisex. It belongs to the Amber Musk category and has Strong longevity.,,
Ajmal,Ambre Pimente,EDP,Spicy Amber,Men,Strong,Strong,4.0,Ambre Pimente by Ajmal is a EDP perfume designed for Men. It belongs to the Spicy Amber category and has Strong longevity.,,
Ajmal,Sacred Love,EDP,Citrus Floral,Women,Light,Light,2.0,Sacred Love by Ajmal is a EDP perfume designed for Women. It belongs to the Citrus Floral category and has Light longevity.,,
Ajmal,Bling (Women),EDP,Floral,Women,Medium,Medium,3.0,Bling (Women) by Ajmal is a EDP perfume designed for Women. It belongs to the Floral category and has Medium longevity.,,
Ajmal,Amaze,EDP,Fresh Aromatic,Men,Medium,Medium,3.0,Amaze by Ajmal is a EDP perfume designed for Men. It belongs to the Fresh Aromatic category and has Medium longevity.,"bright, uplifting","daily, errands"
Ajmal,Song Of Oud,EDP,Woody Oud,Unisex,Strong,Strong,4.0,Song Of Oud by Ajmal is a EDP perfume designed for Unisex. It belongs to the Woody Oud category and has Strong longevity.,,
Ajmal,Amber Wood Noir,EDP,Woody Musky,Unisex,Strong,Strong,4.0,Amber Wood Noir by Ajmal is a EDP perfume designed for Unisex. It belongs to the Woody Musky category and has Strong longevity.,,
Ajmal,Silent Storm,EDP,Citrus Amber,Unisex,Medium,Medium,3.0,Silent Storm by Ajmal is a EDP perfume designed for Unisex. It belongs to the Citrus Amber category and has Medium longevity.,,
Ajmal,Zeal,EDP,Fresh Spicy,Unisex,Medium,Medium,3.0,Zeal by Ajmal is a EDP perfume designed for Unisex. It belongs to the Fresh Spicy category and has Medium longevity.,"vibrant, lively","outdoors, casual"
Ajmal,Mukhalat Al Raki,Oil,Floral Woody Musky,Unisex,Strong,Strong,4.0,Mukhalat Al Raki by Ajmal is a Oil perfume designed for Unisex. It belongs to the Floral Woody Musky category and has Strong longevity.,,
Ajmal,Colaba Mukhalat,Oil,Floral Ambery,Unisex,Strong,Strong,4.0,Colaba Mukhalat by Ajmal is a Oil perfume designed for Unisex. It belongs to the Floral Ambery category and has Strong longevity.,,
Ajmal,Vanilla Amber Oil,Oil,Gourmand Vanilla,Unisex,Strong,Strong,4.0,Vanilla Amber Oil by Ajmal is a Oil perfume designed for Unisex. It belongs to the Gourmand Vanilla category and has Strong longevity.,,
Zimaya,Amber Is Great,EDP,Fruity Amber,Unisex,Medium,Medium,3.0,Amber Is Great by Zimaya is a EDP perfume designed for Unisex. It belongs to the Fruity Amber category and has Medium longevity.,,
Zimaya,Yaa Umree,EDP,Creamy Floral,Women,Medium,Medium,3.0,Yaa Umree by Zimaya is a EDP perfume designed for Women. It belongs to the Creamy Floral category and has Medium longevity.,,
Zimaya,Mazaaj Infused,EDP,Spicy Gourmand,Men,Strong,Strong,4.0,Mazaaj Infused by Zimaya is a EDP perfume designed for Men. It belongs to the Spicy Gourmand category and has Strong longevity.,,
Zimaya,Hawwa Pink,EDP,Fruity Floral,Women,Strong,Strong,4.0,Hawwa Pink by Zimaya is a EDP perfume designed for Women. It belongs to the Fruity Floral category and has Strong longevity.,"sweet, cheerful","daytime, brunch"
Zimaya,Hawwa Red,EDP,Fruity Floral,Women,Medium,Medium,3.0,Hawwa Red by Zimaya is a EDP perfume designed for Women. It belongs to the Fruity Floral category and has Medium longevity.,"sweet, cheerful","daytime, brunch"
Zimaya,Itqan Noir,EDP,Spicy Woody,Unisex,Strong,Strong,4.0,Itqan Noir by Zimaya is a EDP perfume designed for Unisex. It belongs to the Spicy Woody category and has Strong longevity.,,
Zimaya,Stallion,EDP,Fresh,Unisex,Medium,Medium,3.0,Stallion by Zimaya is a EDP perfume designed for Unisex. It belongs to the Fresh category and has Medium longevity.,"energetic, cheerful","daily, office"
Montblanc,Legend EDT,EDT,Aromatic Fougere,Men,Medium,Medium,3.0,Legend EDT by Montblanc is a EDT perfume designed for Men. It belongs to the Aromatic Fougere category and has Medium longevity.,,
Montblanc,Legend EDP,EDP,Aromatic Fougere,Men,Strong,Strong,4.0,Legend EDP by Montblanc is a EDP perfume designed for Men. It belongs to the Aromatic Fougere category and has Strong longevity.,,
Montblanc,Legend Spirit,EDP,Woody Aromatic,Men,Medium,Medium,3.0,Legend Spirit by Montblanc is a EDP perfume designed for Men. It belongs to the Woody Aromatic category and has Medium longevity.,"relaxing, grounded","casual, work"
Montblanc,Legend Blue,EDP,Fresh Aquatic,Men,Medium,Medium,3.0,Legend Blue by Montblanc is a EDP perfume designed for Men. It belongs to the Fresh Aquatic category and has Medium longevity.,"fresh, lively","summer, beach"
Montblanc,Legend Red,EDP,Woody Fruity,Men,Medium,Medium,3.0,Legend Red by Montblanc is a EDP perfume designed for Men. It belongs to the Woody Fruity category and has Medium longevity.,,
Montblanc,Legend Night,EDP,Woody Aromatic,Men,Medium,Medium,3.0,Legend Night by Montblanc is a EDP perfume designed for Men. It belongs to the Woody Aromatic category and has Medium longevity.,"relaxing, grounded","casual, work"
Montblanc,Explorer,EDP,Woody Aromatic,Men,Medium,Medium,3.0,Explorer by Montblanc is a EDP perfume designed for Men. It belongs to the Woody Aromatic category and has Medium longevity.,"relaxing, grounded","casual, work"
Montblanc,Signature,EDP,Floral Musk,Women,Light,Light,2.0,Signature by Montblanc is a EDP perfume designed for Women. It belongs to the Floral Musk category and has Light longevity.,,
Montblanc,Signature Absolue,EDP,Tropical Floral,Women,Strong,Strong,4.0,Signature Absolue by Montblanc is a EDP perfume designed for Women. It belongs to the Tropical Floral category and has Strong longevity.,,
Mancera,Instant Crush,EDP,Amber Floral,Unisex,Strong,Strong,4.0,Instant Crush by Mancera is a EDP perfume designed for Unisex. It belongs to the Amber Floral category and has Strong longevity.,,
Mancera,Cedrat Boise,EDP,Citrus Aromatic,Unisex,Strong,Strong,4.0,Cedrat Boise by Mancera is a EDP perfume designed for Unisex. It belongs to the Citrus Aromatic category and has Strong longevity.,,
Mancera,Red Tobacco,EDP,Tobacco Spicy,Unisex,Strong,Strong,4.0,Red Tobacco by Mancera is a EDP perfume designed for Unisex. It belongs to the Tobacco Spicy category and has Strong longevity.,,
Mancera,Black Vanilla,EDP,Spicy Amber,Unisex,Strong,Strong,4.0,Black Vanilla by Mancera is a EDP perfume designed for Unisex. It belongs to the Spicy Amber category and has Strong longevity.,,
Mancera,Feminity,EDP,Floral Powdery,Women,Medium,Medium,3.0,Feminity by Mancera is a EDP perfume designed for Women. It belongs to the Floral Powdery category and has Medium longevity.,,
Mancera,Pearl,EDP,Fig Floral Musk,Women,Strong,Strong,4.0,Pearl by Mancera is a EDP perfume designed for Women. It belongs to the Fig Floral Musk category and has Strong longevity.,,
Mancera,Velvet Vanilla,EDP,Floriental,Women,Strong,Strong,4.0,Velvet Vanilla by Mancera is a EDP perfume designed for Women. It belongs to the Floriental category and has Strong longevity.,"elegant, sensual","evening, date"
Mancera,Roses Vanille,EDP,Floriental,Women,Strong,Strong,4.0,Roses Vanille by Mancera is a EDP perfume designed for Women. It belongs to the Floriental category and has Strong longevity.,"elegant, sensual","evening, date"
Mancera,Hindu Kush,EDP,Woody,Unisex,Strong,Strong,4.0,Hindu Kush by Mancera is a EDP perfume designed for Unisex. It belongs to the Woody category and has Strong longevity.,"calm, earthy","casual, outdoor"
Mancera,Holiday,EDP,Fresh Oriental,Unisex,Medium,Medium,3.0,Holiday by Mancera is a EDP perfume designed for Unisex. It belongs to the Fresh Oriental category and has Medium longevity.,,
Mancera,Aoud Lemon Mint,EDP,Fresh Woody,Unisex,Strong,Strong,4.0,Aoud Lemon Mint by Mancera is a EDP perfume designed for Unisex. It belongs to the Fresh Woody category and has Strong longevity.,"calm, grounded","nature outing, casual"
Mancera,French Riviera,EDP,Citrus Aromatic,Unisex,Strong,Strong,4.0,French Riviera by Mancera is a EDP perfume designed for Unisex. It belongs to the Citrus Aromatic category and has Strong longevity.,,
Mancera,Wind Wood,EDP,Woody Floral,Men,Strong,Strong,4.0,Wind Wood by Mancera is a EDP perfume designed for Men. It belongs to the Woody Floral category and has Strong longevity.,"soft, warm","date, dinner"
Mancera,Roses Greedy,EDP,Floral Gourmand,Women,Medium,Medium,3.0,Roses Greedy by Mancera is a EDP perfume designed for Women. It belongs to the Floral Gourmand category and has Medium longevity.,,
